MemberID,FixedRandomValue
88,"1.31607-0.0765,11850"
89,"7.400830.137559,10524"
90,"1.316070.884592,3080"
91,"7.400830.0406812,11057"
92,"7.40083-0.0941686,7560"
93,"7.400830.0230781,11444"
94,"1.73205-0.729226,10643"
95,"7.40083-0.023414,14469"
96,"1.56508-0.350334,12681"
98,"7.40083-0.17807,3558"
99,"1.316070.921185,3258"
100,"1.56508-0.631109,3413"
101,"1.31607-0.983809,54"
102,"1.31607-0.407375,56"
104,"7.400830.044345,12034"
106,"1.73205-0.706731,2441"
107,"1.732050.813197,3571"
108,"1.56508-0.174221,12945"
109,"7.40083-0.325274,18763"
110,"7.400830.201481,15517"
111,"1.565080.0170609,13360"
112,"7.400830.405533,18094"
113,"1.565080.983948,2390"
114,"1.56508-0.876345,13305"
115,"1.56508-0.863597,12380"
116,"1.316070.348043,2713"
117,"1.31607-0.449166,13625"
118,"1.732050.998192,13216"
119,"1.31607-0.988506,3424"
120,"7.400830.216209,7876"
121,"1.565080.95693,8167"
122,"1.565080.608274,12941"
123,"1.56508-0.850625,5405"
124,"1.96799-0.401059,12694"
125,"1.316070.277436,12242"
126,"1.316070.108803,255"
127,"1.565080.405853,13114"
128,"7.400830.092724,3846"
129,"1.56508-0.96488,13513"
130,"1.732050.260162,13303"
131,"1.316070.743558,2448"
132,"1.31607-0.0968297,3577"
133,"1.316070.274763,127"
134,"1.316070.43186,180"
135,"1.565080.154105,189"
136,"1.565080.949976,3277"
137,"1.316070.318405,193"
138,"1.31607-0.219028,12879"
139,"1.31607-0.411444,2812"
140,"7.400830.44847,11289"
141,"1.316070.717605,12592"
142,"1.565080.979525,2938"
143,"1.316070.794642,12462"
144,"1.56508-0.700872,1903"
145,"1.565080.939271,1900"
146,"1.316070.92831,2956"
148,"7.40083-0.175094,23667"
149,"1.565080.0394459,9429"
150,"1.31607-0.554521,251"
152,"1.316070.283754,278"
153,"7.40083-0.53168,11426"
154,"1.31607-0.0187262,302"
157,"1.31607-0.995687,347"
158,"1.316070.225446,359"
159,"1.316070.565695,369"
160,"1.316070.0901688,557"
161,"1.31607-0.348774,377"
162,"1.316070.643141,6233"
163,"1.316070.11146,4238"
164,"1.31607-0.996512,498"
165,"1.316070.488063,501"
166,"1.31607-0.641772,506"
167,"1.31607-0.641772,506"
168,"1.31607-0.971748,687"
169,"1.73205-0.845133,13552"
170,"1.31607-0.999284,564"
171,"1.31607-0.967918,573"
172,"1.316070.743334,577"
173,"1.316070.826094,579"
174,"1.316070.222513,599"
176,"1.316070.925339,607"
177,"1.316070.663893,636"
178,"1.31607-0.830093,648"
179,"1.31607-0.99725,649"
180,"1.316070.966101,654"
181,"1.31607-0.0217348,656"
182,"1.31607-0.441287,660"
183,"1.31607-0.083062,670"
184,"1.31607-0.971748,687"
185,"1.31607-0.00111505,689"
186,"1.31607-0.00111505,689"
187,"7.400830.351064,15017"
188,"7.400830.127838,5314"
189,"1.56508-0.418545,7635"
190,"7.40083-0.0930585,6871"
191,"1.56508-0.910031,686"
192,"1.861210.9845,11734"
193,"1.56508-0.707045,7802"
194,"7.40083-0.405141,15450"
195,"1.565080.214031,6498"
196,"7.400830.00713349,1227"
197,"1.316070.39634,24295"
198,"7.400830.0614898,7060"
199,"1.732050.998683,682"
201,"1.565080.214687,12548"
202,"1.56508-0.89437,601"
203,"1.56508-0.305271,2714"
204,"1.565080.0888305,12657"
205,"1.56508-0.99302,12475"
206,"1.56508-0.0100353,6201"
207,"1.316070.406356,633"
208,"1.86121-0.655097,7493"
209,"1.565080.860718,7439"
210,"1.31607-0.0991559,3431"
211,"1.565080.96653,12404"
212,"1.732050.591149,9260"
213,"1.565080.948258,13075"
214,"1.56508-0.340084,8160"
215,"1.565080.82685,12679"
216,"7.400830.00713349,1227"
217,"1.56508-0.425621,12458"
218,"7.400830.00167953,15125"
219,"7.400830.0887375,23912"
220,"7.400830.081723,11430"
221,"1.73205-0.626869,12939"
222,"1.73205-0.00166562,13058"
223,"7.400830.0532548,6522"
224,"1.31607-0.280017,11958"
225,"1.56508-0.0555888,13530"
226,"1.565080.630077,12670"
227,"1.73205-0.434366,12549"
230,"7.40083-0.0608331,15073"
231,"1.56508-0.723335,15053"
232,"7.40083-0.00345248,6319"
233,"1.565080.582404,15058"
234,"7.40083-0.170609,10146"
235,"7.400830.00323782,10453"
236,"1.56508-0.724789,3366"
237,"1.861210.999175,12933"
238,"1.56508-0.359089,12530"
240,"7.400830.00378839,3294"
241,"1.56508-0.619799,12370"
243,"1.565080.015946,12671"
244,"7.400830.380843,1939"
245,"1.565080.257787,514"
246,"1.861210.942146,12773"
247,"1.861210.690789,11962"
248,"1.56508-0.863435,12778"
250,"7.400830.0425599,18773"
251,"1.56508-0.630244,4102"
252,"1.565080.0885098,12501"
253,"1.565080.179378,12525"
254,"7.40083-0.235212,5842"
255,"1.565080.994695,2532"
257,"1.31607-0.684067,3425"
258,"1.565080.706418,2920"
259,"1.316070.552295,3732"
261,"7.400830.984168,18096"
262,"1.31607-0.875594,8633"
263,"1.56508-0.807649,11806"
264,"7.40083-0.12364,3341"
265,"7.400830.0602697,637"
266,"7.400830.795652,596"
267,"7.400830.532818,674"
268,"1.31607-0.774174,13569"
269,"7.400830.214779,24021"
270,"1.732050.25111,13152"
272,"7.400830.0108144,3865"
273,"7.400830.632494,3326"
274,"7.40083-0.209344,717"
275,"1.56508-0.694568,12382"
276,"1.316070.321257,765"
277,"1.565080.562744,13847"
278,"1.86121-0.602961,11108"
279,"1.56508-0.458503,12785"
280,"1.565080.188266,12784"
281,"1.73205-0.474781,12675"
282,"1.732050.44847,11289"
283,"1.565080.899249,13508"
284,"1.565080.534226,12384"
285,"7.40083-0.0701766,15224"
286,"1.56508-0.751402,12795"
288,"1.56508-0.255411,12275"
289,"1.316070.860095,258"
290,"1.31607-0.999641,12343"
291,"1.56508-0.147598,12709"
292,"1.732050.00601846,1916"
293,"1.316070.620337,21863"
294,"1.565080.97912,12971"
295,"1.96799-0.853256,11787"
296,"1.316070.956571,12319"
297,"1.56508-0.351592,581"
298,"7.40083-0.0345597,21359"
300,"1.56508-0.0803976,4653"
301,"1.73205-0.867172,13607"
302,"1.31607-0.995819,24122"
303,"1.732050.0522624,12586"
304,"1.31607-0.0940479,12237"
305,"1.565080.935424,13376"
306,"7.40083-0.121427,1963"
307,"7.40083-0.516682,11039"
308,"1.86121-0.848335,11636"
309,"1.86121-0.206729,4700"
310,"1.56508-0.500174,5980"
311,"1.31607-0.995962,611"
312,"1.56508-0.763419,12665"
313,"1.316070.242569,746"
314,"1.56508-0.324639,12713"
315,"1.732050.918736,12753"
316,"1.316070.979232,776"
317,"1.31607-0.999852,781"
318,"1.31607-0.334,883"
320,"1.56508-0.579768,4605"
321,"1.56508-0.952114,12268"
322,"1.732050.0701628,12959"
323,"1.565080.379289,13186"
324,"1.316070.637745,926"
325,"1.31607-0.734089,11870"
326,"1.967990.418338,3776"
327,"1.316070.788923,12311"
328,"1.861210.886974,11886"
329,"7.40083-0.0947167,6187"
330,"1.861210.530553,4657"
331,"1.56508-0.513435,7745"
332,"7.40083-0.975997,989"
333,"7.40083-0.739213,18458"
334,"1.56508-0.0657267,12468"
335,"1.316070.4152,2543"
336,"1.316070.11146,4238"
337,"1.565080.945567,6184"
338,"1.316070.766076,12396"
339,"1.31607-0.30687,12411"
340,"1.565080.412766,6526"
341,"1.316070.887489,12575"
342,"1.56508-0.506443,12590"
343,"1.565080.126626,2383"
344,"7.40083-0.0741831,23341"
345,"1.316070.950944,12621"
346,"1.732050.429641,12969"
347,"7.40083-0.0442378,3648"
348,"1.86121-0.506721,12568"
350,"1.56508-0.70657,13852"
351,"7.40083-0.0568231,6956"
352,"7.400830.604118,14822"
353,"1.565080.937768,9242"
354,"1.56508-0.923551,13560"
355,"1.31607-0.996623,12598"
356,"7.40083-0.230325,11350"
357,"1.56508-0.946004,5916"
359,"1.732050.22305,13148"
360,"1.73205-0.211747,13506"
361,"1.565080.371644,12648"
362,"1.73205-0.507404,13279"
363,"7.400830.141656,17390"
364,"1.732050.116452,12954"
365,"1.732050.470164,12255"
366,"1.73205-0.626,12250"
367,"1.73205-0.425913,12700"
368,"1.56508-0.375171,12241"
369,"1.861210.0306522,4856"
370,"1.732050.987259,12810"
371,"1.56508-0.900561,14466"
372,"1.732050.707207,3609"
374,"1.565080.745048,3826"
375,"1.565080.533954,12774"
376,"7.40083-0.0299807,1194"
377,"1.565080.556007,6488"
378,"1.56508-0.672021,3885"
379,"7.400830.133699,1156"
380,"7.40083-0.28952,1638"
381,"1.565080.997444,3334"
382,"1.565080.861851,6061"
383,"1.56508-0.992252,14599"
384,"1.316070.994058,4448"
385,"1.31607-0.425111,1978"
386,"1.31607-0.954767,2017"
387,"1.31607-0.902254,2037"
388,"1.31607-0.273691,562"
389,"1.31607-0.905067,13626"
390,"1.73205-0.76586,9371"
391,"1.565080.899736,12819"
392,"1.565080.453554,11953"
393,"7.40083-0.0590495,8334"
394,"7.400830.0263011,6286"
395,"1.56508-0.917544,11795"
397,"1.56508-0.870815,3423"
398,"1.732050.677948,12349"
400,"1.316070.284502,2058"
401,"1.56508-0.358788,12628"
402,"1.56508-0.333481,12864"
403,"1.861210.842798,2410"
404,"1.732050.0905033,2468"
405,"1.56508-0.992084,2499"
406,"1.56508-0.226205,2695"
407,"1.316070.994058,4448"
408,"1.565080.716828,13281"
409,"1.565080.851851,12413"
410,"7.40083-0.565883,11042"
411,"7.40083-0.565329,4992"
412,"7.400830.171482,576"
413,"1.31607-0.930861,12589"
414,"1.316070.637321,12821"
416,"1.31607-0.998948,12513"
418,"1.56508-0.0294303,12553"
419,"7.40083-0.876882,12616"
420,"1.56508-0.834538,12597"
421,"1.56508-0.762906,13182"
422,"1.732050.0791791,12350"
423,"7.400830.982673,18634"
424,"7.400830.98192,10517"
426,"7.40083-0.925467,3632"
427,"1.565080.454834,12516"
428,"1.96799-0.575404,12571"
429,"1.56508-0.387949,15148"
430,"1.732050.548099,13460"
431,"1.316070.99452,12593"
432,"1.565080.600815,13092"
434,"1.565080.159506,11642"
435,"1.31607-0.792328,12427"
436,"7.40083-0.931267,13278"
437,"7.40083-0.514115,18102"
438,"1.73205-0.844112,12984"
439,"1.56508-0.427638,13836"
440,"1.316070.999735,12546"
441,"1.732050.992349,12263"
442,"1.316070.649098,11056"
443,"1.861210.742434,12677"
444,"1.732050.0978327,12652"
445,"7.400830.485047,5818"
446,"1.73205-0.55933,13578"
447,"1.31607-0.844709,12295"
448,"1.565080.615679,12790"
449,"1.31607-0.994094,7473"
451,"1.565080.361896,13488"
452,"1.56508-0.299009,12949"
453,"1.56508-0.0600415,10774"
454,"1.56508-0.0948374,13610"
455,"1.56508-0.901528,13088"
456,"1.73205-0.655605,13543"
457,"7.40083-0.178295,14969"
458,"1.565080.61357,8807"
460,"1.31607-0.43537,11860"
461,"1.56508-0.986776,11852"
462,"7.400830.0742902,14955"
463,"1.56508-0.9975,5670"
464,"1.56508-0.999842,12966"
465,"1.56508-0.75119,12363"
467,"1.565080.99976,13235"
468,"1.316070.929509,7497"
469,"1.73205-0.97653,13778"
470,"1.31607-0.760888,3838"
471,"1.565080.784027,12309"
472,"1.31607-0.93578,4301"
473,"1.31607-0.0968297,3577"
474,"1.565080.643655,12283"
475,"7.400830.0880683,17862"
476,"1.565080.375271,3855"
477,"1.31607-0.160155,10491"
478,"1.732050.638427,11648"
479,"7.400830.126853,13794"
480,"7.400830.00713349,1227"
481,"1.861210.312158,12327"
484,"7.40083-0.347413,3337"
485,"7.400830.00913495,11260"
486,"1.316070.665137,12422"
487,"7.400830.825215,5251"
489,"7.400830.228168,15455"
490,"7.400830.0742902,14955"
491,"7.40083-0.156308,1189"
492,"1.56508-0.249054,3388"
493,"7.40083-0.251213,4766"
495,"1.565080.306013,5050"
496,"1.56508-0.146495,13398"
497,"7.40083-0.0172755,3412"
498,"7.400830.0255361,24233"
500,"1.316070.183223,3978"
501,"1.565080.496599,5711"
502,"1.31607-0.906013,12248"
503,"1.56508-0.893267,13390"
504,"1.31607-0.943627,12654"
505,"1.316070.578772,12302"
509,"7.400830.0120367,3832"
510,"7.40083-0.0281946,7933"
511,"7.400830.0894997,6607"
512,"7.400830.195043,146"
513,"7.40083-0.0980463,4120"
516,"1.56508-0.00557523,3445"
517,"7.400830.095613,11274"
518,"7.40083-0.0288661,1883"
519,"7.400830.33011,614"
521,"7.400830.0825133,14417"
523,"1.56508-0.0760581,6489"
524,"1.861210.96174,6656"
525,"1.565080.882819,6374"
526,"7.400830.502685,1448"
528,"7.400830.480364,13784"
529,"7.400830.894219,3626"
530,"7.40083-0.829035,999"
531,"7.40083-0.0942755,826"
532,
533,"7.400830.0731781,14266"
534,"1.565080.982713,1862"
535,"1.56508-0.11932,7801"
537,"1.31607-0.417935,1585"
538,"7.400830.0264223,13511"
539,"7.40083-0.0572656,1595"
540,"1.565080.0800628,1628"
542,"7.40083-0.315348,17923"
543,"7.400830.293582,17890"
544,"7.40083-0.110806,17895"
545,"7.40083-0.63396,1679"
547,"7.400830.362848,23770"
548,"1.732050.943925,4807"
549,"1.31607-0.237809,1859"
550,"7.400830.315755,15621"
552,"7.40083-0.0594919,2973"
553,"1.565080.93738,9931"
554,"7.400830.126853,13794"
555,"7.40083-0.929092,21375"
556,"1.565080.984422,6373"
557,"1.73205-0.507207,1868"
558,"7.40083-0.124974,15441"
559,"7.400830.00713349,1227"
560,"1.31607-0.232272,21383"
562,"1.565080.499302,15055"
564,"7.400830.133699,1156"
566,"7.40083-0.101709,972"
567,"7.400830.214136,1888"
568,"7.40083-0.127505,8339"
569,"1.56508-0.893322,6407"
570,"7.400830.259941,1892"
571,"1.56508-0.986686,1895"
572,"7.40083-0.0337671,4488"
573,"7.40083-0.0759511,1897"
574,"7.40083-0.110018,7952"
575,"7.400830.216091,11921"
576,"7.40083-0.612955,6471"
577,"7.40083-0.155313,7886"
578,"7.400830.293466,1907"
579,"7.40083-0.41996,2963"
580,"7.400830.0504779,5847"
581,"1.73205-0.505482,11901"
582,"1.31607-0.346065,21132"
583,"7.400830.492828,11330"
584,"1.565080.221963,13837"
585,"1.56508-0.981238,2961"
586,"1.56508-0.281938,1925"
587,"7.40083-0.0615969,15446"
588,"7.400830.0987149,1930"
589,"7.400830.303787,1958"
591,"1.565080.444587,5752"
592,"7.40083-0.209344,717"
594,"7.40083-0.209344,717"
595,"7.400830.411554,22609"
596,
597,"1.732050.729539,12179"
598,"1.31607-0.0952787,8249"
599,"7.400830.00523933,420"
600,"1.861210.998097,8544"
601,"1.56508-0.969902,12522"
602,"1.73205-0.951871,13579"
603,"1.73205-0.999806,13570"
604,"7.40083-0.066048,12690"
605,"7.40083-0.0237359,10689"
606,"1.316070.231946,24408"
607,"1.56508-0.183434,12794"
608,"1.56508-0.969824,12636"
609,"1.316070.925171,5968"
610,"1.565080.95866,6251"
613,"1.565080.932878,12149"
614,"1.565080.380023,12661"
615,"1.565080.885162,4617"
616,"1.31607-0.483001,12826"
617,"1.565080.760024,12245"
618,"1.31607-0.984968,12466"
619,"1.31607-0.733715,1877"
623,"1.73205-0.238344,11888"
624,"1.56508-0.609073,3866"
625,"1.565080.750595,5098"
626,"1.86121-0.930978,12569"
627,"1.73205-0.283535,11133"
628,"7.400830.1254,18103"
629,"1.732050.33158,5286"
630,"1.56508-0.165775,12751"
631,"1.56508-0.780563,12429"
632,"7.400830.0577081,3766"
633,"1.316070.916698,21559"
634,"1.31607-0.712468,5407"
636,"1.31607-0.271545,1940"
637,"1.565080.982608,12574"
638,"1.56508-0.502104,4602"
639,"1.56508-0.997348,12749"
640,"1.565080.879235,12962"
641,"7.400830.340299,3251"
642,"7.400830.312911,13520"
643,"1.86121-0.579768,4605"
644,"1.565080.923252,11224"
645,"1.732050.766792,13085"
646,"1.31607-0.19122,11826"
647,"1.56508-0.88573,12314"
648,"1.565080.028423,3478"
649,"1.73205-0.81397,12512"
650,"1.56508-0.708146,12474"
651,"1.565080.405337,1322"
652,"1.73205-0.948819,8369"
653,"1.56508-0.366475,12090"
654,"1.565080.068166,2926"
655,"7.400830.0773978,5611"
656,"7.40083-0.385682,2359"
657,"7.400830.0773978,5611"
658,"7.400830.0431377,23846"
659,
660,"1.565080.337366,12595"
661,"1.31607-0.456628,5634"
662,"1.316070.188582,12374"
663,"7.40083-0.193949,543"
664,"1.56508-0.0391103,12454"
665,
667,"7.400830.453841,13205"
668,"1.56508-0.720248,12297"
669,"1.56508-0.585566,3378"
670,"1.56508-0.987857,12079"
671,"1.565080.986193,2853"
672,"7.40083-0.549783,4690"
673,"1.565080.935704,12471"
674,"1.31607-0.087506,3426"
675,"7.400830.440684,5390"
676,"7.400830.729915,1568"
677,"1.56508-0.384132,12766"
678,"1.86121-0.745719,12901"
679,"1.56508-0.998431,13485"
680,"1.732050.404108,13422"
681,"7.400830.0538185,7914"
682,"7.40083-0.0941686,7560"
685,"7.400830.0434594,1312"
686,
687,"1.56508-0.316291,1185"
688,"7.40083-0.345221,3671"
689,
690,"7.400830.657034,11896"
691,"7.400830.716603,11877"
692,"7.40083-0.579856,3781"
693,"7.400830.986414,14953"
694,"1.86121-0.604995,12672"
697,"1.565080.996953,12329"
698,"1.56508-0.785692,11891"
699,"1.565080.981258,11347"
701,"7.40083-0.175319,12256"
702,"1.316070.723103,12028"
703,"1.31607-0.0678309,5951"
704,"1.73205-0.777345,3623"
705,"1.565080.295071,13218"
707,"7.40083-0.103593,675"
708,"7.400830.00769795,13209"
712,"7.400830.157847,3483"
713,"7.40083-0.0295237,24016"
714,"7.40083-0.102818,1661"
717,"7.400830.220011,3804"
718,"7.40083-0.111794,1213"
719,"1.316070.936836,5259"
720,"7.40083-0.424612,11769"
722,"7.400830.314812,3487"
724,"7.40083-0.17807,3558"
725,"1.565080.0783886,13497"
727,"1.565080.233906,6258"
728,"7.400830.589805,3798"
729,"1.565080.973991,3863"
730,"7.400830.846144,11905"
731,"7.400830.365637,5371"
732,"7.400830.0255361,24233"
733,"1.31607-0.180264,4936"
734,"1.732050.856718,12262"
735,"1.56508-0.927399,12438"
736,"1.31607-0.979792,13145"
737,"1.86121-0.281396,12511"
739,"7.400830.143864,18768"
740,"1.56508-0.940486,12805"
741,"1.31607-0.808495,12663"
742,"1.56508-0.661811,13005"
743,"7.400830.071503,859"
745,"1.56508-0.210972,12341"
746,"7.400830.351064,15017"
747,"1.565080.985726,12961"
748,"1.565080.98959,14575"
749,"1.565080.601449,12755"
750,"1.31607-0.763627,12493"
751,"7.400830.126853,13794"
753,"7.40083-0.0281946,7933"
754,"1.565080.747346,2493"
755,"1.565080.034667,12973"
756,"1.56508-0.00245867,12789"
757,"1.316070.601803,7394"
758,"1.56508-0.773613,2847"
759,"1.56508-0.698001,10020"
760,"7.40083-0.0919482,6182"
761,"1.565080.891406,13121"
762,"1.565080.609158,12252"
763,"1.565080.896106,12281"
764,"1.56508-0.103046,13072"
765,"1.31607-0.739448,12750"
766,"7.40083-0.934083,18101"
767,"7.40083-0.0112576,1496"
768,"7.400830.882762,13423"
769,"1.31607-0.0847218,12388"
770,"7.40083-0.316074,12596"
771,"1.56508-0.416409,13540"
772,"1.86121-0.591518,13562"
773,"7.40083-0.390412,11165"
774,"7.400830.267043,12076"
775,"7.40083-0.0422243,21798"
776,"7.40083-0.744447,13635"
777,"1.565080.0939411,3851"
778,"1.56508-0.774676,12278"
780,"1.56508-0.629722,10152"
781,"1.96799-0.575404,12571"
782,"1.56508-0.83966,12446"
783,"1.96799-0.948292,4689"
784,"1.316070.0611684,18098"
785,"1.31607-0.957765,12588"
786,"1.73205-0.391734,13304"
787,"1.56508-0.192631,12643"
788,"1.73205-0.78658,12578"
789,"7.40083-0.178175,4828"
790,"7.40083-0.266603,10746"
791,"1.565080.380321,12497"
792,"7.40083-0.198652,5238"
793,"7.400830.00801994,11949"
794,"1.316070.406761,5994"
795,"7.40083-0.138011,12298"
796,"1.86121-0.475065,12483"
797,"1.565080.28119,4261"
798,"1.732050.956477,12839"
799,"1.565080.788435,13536"
800,"1.56508-0.323889,13134"
801,"7.400830.148594,3634"
802,"1.565080.03276,13563"
803,"1.73205-0.723177,3642"
804,"7.40083-0.254021,12194"
805,"1.565080.974268,3834"
806,"7.400830.356065,22983"
807,"1.565080.989284,3844"
808,"7.40083-0.0151669,15007"
809,"1.316070.294313,12629"
810,"1.316070.292297,5790"
811,"1.316070.932476,12838"
813,"1.316070.240953,12312"
814,"1.56508-0.633274,12401"
815,"1.565080.684802,12500"
817,"1.565080.978548,2843"
819,"1.316070.362222,17720"
821,"1.56508-0.999661,13504"
822,
824,"1.861210.32643,11066"
825,"7.400830.259175,23955"
826,"1.56508-0.909009,13475"
828,
829,"1.56508-0.999184,3839"
830,"7.400830.0119294,4554"
831,"7.400830.0400099,5007"
832,"1.316070.994058,4448"
833,"1.56508-0.156852,12558"
834,"1.73205-0.511046,4624"
835,"1.56508-0.714501,12835"
836,"1.73205-0.954603,11730"
837,"7.400830.250563,1284"
838,"1.861210.856552,12896"
839,"7.40083-0.16543,18457"
840,"7.40083-0.608103,3831"
841,"7.40083-0.203126,392"
842,"7.400830.0189408,16470"
843,"7.40083-0.168954,4979"
845,"7.40083-0.0927102,24337"
847,"7.40083-0.119213,585"
848,"7.40083-0.115451,3879"
849,"7.40083-0.985895,3886"
850,"7.40083-0.702298,11936"
851,"7.40083-0.00982064,22973"
852,"1.732050.817645,11403"
853,"1.565080.305795,16461"
854,"1.56508-0.991528,8643"
855,"1.31607-0.728085,2415"
856,"1.565080.252189,13841"
857,"1.565080.276365,12931"
858,"7.40083-0.0358886,5276"
859,"7.400830.858728,4241"
860,"7.40083-0.0358886,5276"
862,"1.56508-0.00902763,2874"
863,"7.400830.0659409,4304"
865,"7.400830.0400099,5007"
866,"1.565080.533283,13073"
867,"7.400830.125307,18466"
868,"7.40083-0.656446,14232"
869,"7.400830.73952,4364"
870,"1.565080.472131,13633"
872,"7.40083-0.205743,4375"
873,"1.31607-0.0199484,7395"
875,"1.73205-0.0849495,977"
876,"1.56508-0.754708,4397"
880,"7.400830.496506,2675"
881,"1.31607-0.491459,12181"
882,"1.861210.123534,11727"
883,"1.56508-0.829163,12410"
884,"1.56508-0.201929,7305"
887,"7.400830.722555,13819"
888,"7.400830.00155829,4672"
889,"1.316070.169841,12482"
890,"7.40083-0.999515,4698"
891,"7.40083-0.999515,4698"
892,"7.400830.441685,4701"
893,"7.40083-0.0737272,519"
894,"1.732050.544554,4805"
895,"7.400830.946291,4806"
897,"7.400830.238136,4884"
898,"7.400830.93352,5410"
899,"7.400830.932359,12320"
900,"7.400830.499407,4742"
901,"1.967990.994369,11876"
902,"1.31607-0.682026,12389"
904,"7.40083-0.043245,15460"
905,"1.56508-0.00134363,12100"
906,"1.732050.821731,12630"
908,"1.316070.971088,13056"
909,"7.400830.0554816,5144"
910,"7.400830.270149,5654"
911,"1.565080.751996,4666"
912,"7.40083-0.167855,5668"
913,"7.40083-0.0182831,5663"
914,"1.316070.404834,12425"
915,"1.732050.0367745,5446"
916,"1.316070.726093,5013"
917,"7.400830.304311,11789"
918,"7.40083-0.00433895,17041"
919,"7.40083-0.0376743,12015"
920,"7.40083-0.302929,15503"
921,"7.40083-0.0738343,7867"
922,
923,"1.565080.293247,13318"
924,"7.40083-0.201495,12666"
925,"1.316070.74184,1955"
926,"1.86121-0.103366,12086"
928,"1.565080.911181,13055"
929,"1.732050.982526,7213"
930,"7.400830.278727,142"
931,"1.86121-0.568638,13109"
933,"1.316070.526288,12535"
934,"1.73205-0.164556,7735"
935,"1.732050.759509,13602"
936,"7.400830.0548108,11194"
937,"7.40083-0.0732852,5880"
938,"1.732050.956606,7478"
939,"7.40083-0.0281946,7933"
940,"1.56508-0.809222,7823"
941,"7.40083-0.10903,11156"
942,"7.400830.635601,11443"
943,"1.732050.79592,5957"
944,"7.40083-0.0272011,11175"
945,"1.86121-0.501523,10652"
946,"7.40083-0.0659548,23879"
948,"1.31607-0.995676,19450"
949,"7.400830.48845,5862"
950,"7.400830.892269,13415"
951,"1.861210.96889,12253"
952,"1.565080.95866,6251"
953,"7.400830.7734,5872"
954,"7.400830.02798,8839"
955,"1.56508-0.674911,12618"
956,"1.86121-0.430053,9853"
957,"7.40083-0.0732852,5880"
958,"7.40083-0.00322391,17730"
959,"7.400830.0630451,11732"
960,"7.400830.0970434,13195"
961,"1.316070.177303,5894"
962,"7.400830.0559242,10505"
963,"1.565080.906864,5902"
964,"7.400830.378369,5922"
965,"1.73205-0.61252,7276"
966,"7.40083-0.4583,24196"
967,"7.40083-0.764424,7993"
968,"1.73205-0.956017,10672"
969,"7.40083-0.107574,20741"
970,"7.40083-0.19931,11288"
971,"1.56508-0.633524,12757"
972,"1.73205-0.867726,12918"
973,"7.400830.540345,6186"
974,"1.732050.644508,12972"
976,"1.565080.171919,5937"
977,"7.40083-0.0381172,6654"
978,"7.40083-0.352007,5942"
979,"7.40083-0.854932,5943"
981,"1.565080.213598,11859"
982,"1.316070.936446,5948"
983,"1.565080.13282,11878"
984,"1.565080.936054,6637"
985,"1.732050.579035,12856"
986,"1.86121-0.128731,12147"
987,"7.40083-0.00879906,14285"
988,"1.565080.222081,5960"
989,"7.40083-0.0370029,5965"
990,"1.31607-0.229894,5989"
991,"7.400830.493214,5969"
992,"7.40083-0.189031,10448"
993,"7.400830.0556027,14653"
994,"7.40083-0.0741831,23341"
995,"7.400830.401773,10358"
996,"7.400830.0653916,9443"
997,"7.40083-0.454452,21028"
998,"1.86121-0.237261,12577"
999,"1.86121-0.0776118,11161"
1000,"7.400830.149153,10802"
1001,"1.565080.0598272,5998"
1003,"1.31607-0.504414,8585"
1004,"7.400830.10537,6064"
1005,"7.40083-0.038439,18504"
1006,"7.400830.384851,15102"
1007,"1.31607-0.298368,6899"
1008,"1.56508-0.00401696,8117"
1009,"1.56508-0.85712,14598"
1010,"1.86121-0.649599,11077"
1011,"1.565080.322847,14360"
1012,"7.400830.0263011,6286"
1013,"1.56508-0.333899,7503"
1014,"1.56508-0.693678,8104"
1015,"7.40083-0.28835,6059"
1016,"1.565080.699443,8130"
1017,"1.56508-0.528468,8132"
1018,"1.565080.978178,9582"
1019,"7.400830.0812812,6069"
1021,"1.56508-0.20891,6078"
1022,"1.31607-0.924404,12182"
1023,"1.31607-0.606865,8503"
1024,"7.40083-0.0364388,8471"
1025,"1.565080.0959336,13884"
1026,"7.400830.0276303,22369"
1027,"1.732050.319564,7504"
1028,"1.56508-0.78084,7068"
1029,"7.40083-0.145073,11071"
1030,"7.40083-0.0463584,6116"
1031,"1.565080.999985,12159"
1032,"7.400830.0229569,8353"
1033,"1.86121-0.995499,10380"
1034,"7.40083-0.0304237,6555"
1035,"1.96799-0.850271,11455"
1036,"7.40083-0.0495786,11614"
1037,"7.400830.0787373,17711"
1038,"1.732050.827031,12479"
1039,"1.56508-0.612169,12637"
1040,"2.05977-0.762985,6615"
1041,"7.400830.23077,11472"
1042,"1.565080.972479,8657"
1043,"7.40083-0.431557,3205"
1044,"1.56508-0.722406,2953"
1045,"7.400830.107147,12803"
1046,"7.40083-0.038439,18504"
1047,"1.56508-0.741245,8767"
1048,"7.400830.753173,11405"
1049,"1.73205-0.935978,10135"
1050,"7.400830.503741,6249"
1051,"1.56508-0.0491359,6253"
1052,"1.565080.388556,6985"
1053,"7.400830.0433522,7074"
1054,"7.400830.119774,15021"
1055,"7.400830.00323782,10453"
1056,"7.40083-0.130822,6272"
1057,"1.56508-0.999658,6293"
1058,"1.56508-0.983869,2971"
1059,"1.31607-0.708545,1962"
1060,"7.40083-0.370409,3435"
1061,"7.400830.735456,6280"
1062,"1.565080.851682,12745"
1064,"1.56508-0.424904,13389"
1065,"7.400830.801417,17217"
1066,"1.56508-0.974219,12938"
1067,"1.73205-0.263067,12345"
1068,"1.56508-0.824524,12948"
1069,"7.40083-0.193725,11954"
1070,"7.400830.846909,12564"
1071,"7.400830.413267,7221"
1072,"1.31607-0.111567,12624"
1073,"1.565080.0335526,12284"
1074,"7.40083-0.0321024,8570"
1075,"7.40083-0.110018,7952"
1076,"7.40083-0.0321024,8570"
1077,"1.56508-0.897787,12608"
1078,"1.56508-0.352121,13855"
1079,"7.40083-0.134032,4181"
1080,"7.40083-0.668211,12691"
1081,"7.400830.887433,7222"
1082,"1.96799-0.620674,11681"
1083,"1.56508-0.654163,12993"
1084,"7.40083-0.182338,13483"
1085,"7.40083-0.546052,1934"
1086,"1.73205-0.912922,6473"
1087,"7.400830.68439,1936"
1088,"7.400830.682684,5072"
1090,"7.40083-0.807973,1941"
1091,"7.400830.975338,1947"
1092,"7.40083-0.110018,7952"
1093,"7.40083-0.475561,1953"
1094,"7.400830.169285,1954"
1095,"7.40083-0.0431238,4337"
1096,"7.400830.278727,142"
1097,"7.400830.15652,15583"
1098,"7.40083-0.0317528,22638"
1099,"1.86121-0.682841,11700"
1100,"7.40083-0.0371102,2421"
1102,"1.316070.709255,11037"
1103,"7.400830.944328,2890"
1104,"7.40083-0.825655,2915"
1106,"1.565080.47869,12752"
1108,"1.73205-0.660883,7481"
1109,"1.56508-0.979343,14523"
1110,"7.400830.250563,1284"
1111,"7.400830.0263011,6286"
1113,"7.400830.278727,142"
1114,"1.316070.783192,24409"
1115,"7.400830.0117147,21326"
1116,"7.400830.144741,8046"
1117,"7.400830.089272,18018"
1118,"7.400830.248833,8023"
1119,"7.400830.248833,8023"
1120,
1121,"1.56508-0.0118221,12940"
1123,"1.86121-0.989315,12928"
1124,"7.400830.143864,18768"
1125,"7.40083-0.146615,6399"
1126,"7.40083-0.146615,6399"
1127,"1.861210.517923,7325"
1128,"1.967990.567344,10402"
1129,"1.56508-0.999613,6765"
1130,"7.40083-0.0397816,6404"
1131,"1.31607-0.822122,21603"
1132,"1.31607-0.844774,7502"
1133,"7.40083-0.0980463,4120"
1135,"7.40083-0.0741831,23341"
1136,"1.56508-0.118653,13851"
1137,"1.565080.24938,6413"
1138,"7.40083-0.0448017,10788"
1139,"1.316070.390103,8140"
1140,"1.565080.966274,6704"
1141,"1.565080.985272,8978"
1142,"7.400830.0700696,23610"
1143,"1.732050.328422,7353"
1144,"1.732050.975974,9375"
1145,"7.400830.0218422,9042"
1146,"1.56508-0.999997,11201"
1147,"1.31607-0.918869,9728"
1148,"7.40083-0.0650564,6418"
1149,"1.732050.720015,9272"
1150,"1.565080.160487,7466"
1151,"1.56508-0.500279,13817"
1152,"1.565080.160487,7466"
1153,"7.400830.0642789,8754"
1154,"1.56508-0.311418,9991"
1155,"1.732050.611808,10185"
1156,"1.56508-0.872946,7719"
1157,"1.861210.824334,9923"
1158,"1.565080.905683,9912"
1159,"7.40083-0.0448017,10788"
1160,"7.40083-0.0392314,7343"
1161,"1.31607-0.953601,9663"
1163,"1.565080.858439,10195"
1164,"1.31607-0.330211,9000"
1165,"1.73205-0.76053,9909"
1166,"1.56508-0.848861,7472"
1167,"7.40083-0.917367,6434"
1168,"7.400830.160487,7466"
1169,"7.400830.160487,7466"
1170,"1.732050.99016,6458"
1171,"1.56508-0.425512,7339"
1172,"7.400830.14793,9684"
1173,"7.40083-0.0105858,7546"
1174,"1.967990.19296,9618"
1175,"7.40083-0.0496997,8183"
1177,"7.400830.588188,13831"
1178,"1.56508-0.100706,8103"
1179,"1.732050.30655,9386"
1180,"7.400830.258968,7183"
1181,"7.40083-0.102377,7022"
1182,"1.56508-0.995381,10106"
1183,"1.56508-0.0156101,9646"
1184,"7.400830.0211705,15092"
1186,"7.40083-0.154995,17272"
1187,"1.31607-0.857466,8548"
1188,"7.400830.00667635,24049"
1189,"7.400830.119774,15021"
1190,"7.40083-0.0848426,7409"
1191,"7.40083-0.113903,8551"
1192,"1.86121-0.830587,11370"
1193,"7.40083-0.0690643,14535"
1194,"1.316070.0790583,7447"
1195,"1.316070.987978,9743"
1196,"1.73205-0.426521,6650"
1197,"7.400830.14131,13818"
1198,"7.40083-0.0982599,20892"
1199,"7.40083-0.53687,6455"
1200,"1.565080.766715,6712"
1201,"1.31607-0.99675,7926"
1202,"1.565080.370721,6460"
1203,"1.73205-0.776363,8295"
1204,"1.56508-0.994899,7501"
1205,"1.31607-0.508747,8607"
1206,"1.86121-0.728546,8465"
1208,"1.56508-0.602864,8689"
1209,"1.73205-0.983307,12315"
1210,"1.31607-0.297945,12260"
1211,"7.400830.269192,13454"
1212,
1213,"7.40083-0.0321024,8570"
1214,"7.40083-0.0321024,8570"
1215,"7.40083-0.237379,7220"
1216,"1.56508-0.356078,5200"
1217,"7.400830.0354318,17546"
1218,"7.400830.0297661,15578"
1219,"1.732050.879976,8290"
1220,"1.31607-0.67606,7946"
1221,"7.400830.15652,15583"
1223,"1.732050.555907,13309"
1224,"7.40083-0.0924964,7565"
1225,"1.565080.90076,8356"
1226,"7.400830.114116,8221"
1227,"7.400830.759299,11556"
1228,"7.400830.293363,6479"
1229,"1.316070.832326,7469"
1230,"7.40083-0.145073,11071"
1231,"1.732050.23337,7489"
1232,"1.565080.86015,8128"
1233,"1.861210.85901,9506"
1234,"1.56508-0.67934,10702"
1235,"1.56508-0.990269,8794"
1236,"1.31607-0.149485,13827"
1237,"1.316070.946113,8941"
1238,"1.565080.971985,9762"
1239,"1.56508-0.246998,6376"
1240,"1.96799-0.973175,9615"
1241,"1.96799-0.998219,9606"
1242,"1.56508-0.780143,6379"
1243,"1.56508-0.122094,8013"
1244,"7.400830.852203,6363"
1245,"1.861210.595993,11176"
1246,"7.400830.108135,6305"
1247,"1.31607-0.86828,12229"
1248,"1.565080.160606,12331"
1249,"7.40083-0.0917344,22954"
1250,"1.316070.849507,15169"
1251,"7.400830.0556027,14653"
1252,"1.565080.269075,6343"
1253,"7.40083-0.19744,15248"
1254,"7.400830.0731781,14266"
1255,"1.565080.987631,8365"
1256,"7.40083-0.276378,15252"
1257,"7.400830.0196125,10420"
1258,"7.40083-0.0853912,6338"
1259,"7.40083-0.0853912,6338"
1260,"7.40083-0.682517,6339"
1261,"1.565080.819636,10461"
1262,"1.56508-0.395946,9249"
1263,"1.732050.955824,11461"
1264,"7.40083-0.111126,7263"
1265,"7.400830.815785,6327"
1266,"1.565080.284399,6328"
1268,"1.56508-0.681791,12769"
1269,"7.40083-0.00345248,6319"
1270,"7.40083-0.117545,14540"
1271,"1.565080.463748,6315"
1272,"7.400830.143637,7357"
1273,"1.565080.362009,6309"
1274,"1.316070.397363,23606"
1275,"7.40083-0.0664903,18051"
1276,"1.732050.127959,14483"
1277,"7.400830.220443,9165"
1278,"7.400830.139887,10651"
1279,"7.400830.156866,15625"
1280,"7.400830.0462512,14502"
1282,"1.31607-0.172687,8273"
1283,"1.31607-0.992701,8492"
1284,"7.400830.0836245,15106"
1285,"7.40083-0.236608,18627"
1286,"1.73205-0.302506,10142"
1287,"1.565080.925848,12707"
1288,"7.400830.0608192,13110"
1289,"1.56508-0.0484649,12303"
1290,"1.565080.284926,7419"
1291,"7.40083-0.0930585,6871"
1292,"7.40083-0.552575,6757"
1294,"1.73205-0.935978,10135"
1295,"1.861210.808693,9638"
1296,"1.73205-0.958312,13948"
1298,"1.73205-0.703655,14600"
1299,"1.31607-0.824143,6898"
1300,"7.40083-0.270252,14040"
1301,"1.565080.032317,8202"
1302,"1.565080.993838,14481"
1303,"1.56508-0.284721,9353"
1304,"1.565080.969439,10875"
1305,"7.400830.932718,6788"
1306,"1.565080.512674,2977"
1307,"7.400830.00814118,7848"
1308,"1.31607-0.234663,8594"
1309,"1.565080.953836,7327"
1310,"1.56508-0.614281,8654"
1313,"7.40083-0.0667184,6640"
1315,"7.40083-0.165656,7046"
1316,"7.400830.151795,6819"
1317,"1.316070.879446,7601"
1318,"1.316070.0697206,7598"
1319,"7.400830.295802,17301"
1320,"1.565080.382085,14039"
1321,"7.40083-0.0930585,6871"
1323,"7.40083-0.219683,6829"
1324,"7.40083-0.219683,6829"
1325,"7.40083-0.219683,6829"
1326,"1.56508-0.757337,12514"
1327,"7.40083-0.145512,5710"
1328,"1.56508-0.931673,13967"
1329,"7.400830.116331,6843"
1330,"1.565080.985746,6836"
1332,"7.40083-0.0749462,7178"
1333,"1.732050.533011,12085"
1334,"1.56508-0.71372,12146"
1335,"1.565080.176086,14592"
1336,"1.565080.405239,7064"
1337,"7.400830.00757672,6588"
1338,"7.40083-0.0281946,7933"
1339,"7.40083-0.258333,14950"
1340,"7.400830.30252,18041"
1341,"7.400830.469179,11566"
1342,"1.31607-0.220116,12190"
1343,"7.40083-0.0656058,7329"
1344,"7.40083-0.0178399,11024"
1345,"1.565080.344073,11368"
1346,"7.40083-0.0413386,11076"
1347,"1.316070.303249,12478"
1348,
1349,"7.40083-0.620421,13477"
1350,"1.31607-0.867566,12240"
1351,"1.565080.998751,12782"
1352,"1.316070.650793,12434"
1353,"1.56508-0.219802,12968"
1354,"7.40083-0.999965,13117"
1355,"7.400830.130836,21911"
1356,"7.400830.643902,12875"
1357,"7.400830.105918,7683"
1358,"1.31607-0.467114,18574"
1359,"1.565080.116772,12204"
1360,"7.40083-0.863034,13069"
1361,"1.86121-0.712939,11457"
1362,"1.316070.153999,8197"
1363,"1.565080.987436,12121"
1364,"1.565080.890698,8449"
1365,"1.316070.9915,8129"
1366,"1.732050.968503,7581"
1367,"7.400830.0592638,8438"
1368,"7.40083-0.345435,15082"
1369,"1.565080.837847,13670"
1370,"7.40083-0.0364388,8471"
1371,"7.400830.114116,8221"
1372,"7.40083-0.166213,7390"
1373,"7.400830.345536,6696"
1374,"7.40083-0.383214,6342"
1375,"1.56508-0.937497,6906"
1376,"1.86121-0.946724,7294"
1377,"7.400830.163125,11449"
1378,"1.86121-0.148382,13138"
1379,"1.56508-0.771566,14883"
1380,"1.73205-0.349919,7320"
1381,"1.56508-0.0387885,12704"
1382,"1.56508-0.995285,9002"
1383,"1.31607-0.324727,23856"
1384,"1.56508-0.876132,7944"
1385,"1.565080.972218,9346"
1386,"7.40083-0.13845,6937"
1389,"7.400830.232821,6947"
1390,"1.732050.867399,9215"
1391,"7.400830.181255,14011"
1392,"7.400830.232821,6947"
1393,"7.40083-0.0659548,23879"
1394,"7.400830.160832,23742"
1395,"7.40083-0.0457945,8320"
1396,"7.40083-0.0568231,6956"
1397,"7.40083-0.0568231,6956"
1398,"7.40083-0.0568231,6956"
1399,"1.73205-0.817839,8378"
1400,"7.400830.0668255,15026"
1401,"1.565080.260045,6494"
1402,"7.400830.302826,7117"
1403,"1.86121-0.703091,11247"
1405,"7.40083-0.0166038,9462"
1406,"7.400830.13326,6517"
1407,"1.56508-0.237914,6527"
1408,"7.40083-0.0421309,14771"
1409,"1.31607-0.999569,11437"
1410,"1.732050.637662,7460"
1412,"7.400830.887946,6533"
1413,"7.400830.0668255,15026"
1414,"7.40083-0.0304237,6555"
1415,"1.565080.277552,7555"
1416,"7.400830.0534692,23294"
1417,"1.56508-0.691353,9626"
1418,"7.40083-0.0304237,6555"
1419,"1.56508-0.897491,6558"
1420,"7.40083-0.0304237,6555"
1421,"1.31607-0.433471,6559"
1422,"7.40083-0.0304237,6555"
1423,"7.400830.0229569,8353"
1424,"7.400830.245279,15068"
1425,"1.56508-0.230012,13808"
1426,"1.73205-0.519164,3611"
1427,"1.565080.204323,8089"
1428,"7.400830.789607,13000"
1429,"7.400830.999435,8091"
1430,"7.400830.209239,9103"
1431,"7.40083-0.0922688,18976"
1432,"1.565080.777902,7099"
1433,"1.73205-0.329273,10108"
1434,"1.86121-0.519543,8972"
1435,"1.565080.572389,7479"
1436,"7.40083-0.00290191,7428"
1437,"7.40083-0.534613,10438"
1438,"1.56508-0.620769,8116"
1439,"1.316070.464248,8121"
1440,"7.400830.181572,11147"
1441,"7.40083-0.291552,8126"
1442,"7.400830.259513,7253"
1443,"7.40083-0.0281946,7933"
1444,"1.31607-0.929999,8586"
1445,"7.40083-0.0281946,7933"
1446,"1.565080.552485,15143"
1447,"7.40083-0.20661,15097"
1448,"7.400830.272722,9637"
1449,"7.400830.313332,8159"
1450,"1.56508-0.340084,8160"
1451,"1.56508-0.340084,8160"
1452,"7.40083-0.983081,8171"
1453,"1.56508-0.986228,13919"
1454,"7.40083-0.41104,8173"
1455,"7.400830.788162,8175"
1456,"7.40083-0.963314,8200"
1457,"1.56508-0.773893,8208"
1458,"7.40083-0.0216275,7730"
1459,"7.400830.189242,6324"
1460,"7.40083-0.448878,11533"
1461,"7.40083-0.0281946,7933"
1462,"7.400830.0693994,17560"
1463,"1.56508-0.301443,10831"
1464,"7.40083-0.0424526,10387"
1465,"7.40083-0.225669,11052"
1466,"1.31607-0.69393,23104"
1467,"7.400830.478997,18456"
1468,"7.40083-0.0414597,8721"
1469,"7.400830.195148,8240"
1470,"7.400830.0334314,7513"
1471,"1.565080.850094,14480"
1472,"7.400830.081723,11430"
1473,"7.400830.0294164,15630"
1474,"7.40083-0.0227423,8419"
1475,"1.565080.543157,8253"
1476,"1.565080.543157,8253"
1477,"7.40083-0.347111,21821"
1478,"7.400830.0538185,7914"
1479,"7.40083-0.00835584,8924"
1480,"7.400830.175769,10566"
1481,"1.56508-0.219028,12879"
1482,"1.861210.993763,8431"
1483,"1.316070.258436,6564"
1484,"7.400830.189242,6324"
1485,"1.316070.033646,24285"
1486,"7.40083-0.0525978,15611"
1487,"7.40083-0.538275,6603"
1488,"7.400830.480258,6013"
1489,"7.400830.154317,16961"
1490,"1.31607-0.629816,9645"
1491,"7.400830.302302,6630"
1492,"7.400830.0124799,9193"
1493,"7.400830.052705,7225"
1494,"1.56508-0.47271,8500"
1495,"1.56508-0.979816,6652"
1496,"1.73205-0.909803,13061"
1497,"1.73205-0.0929378,12926"
1498,"7.40083-0.0701766,15224"
1499,"1.861210.129504,9811"
1500,"1.73205-0.68121,13078"
1501,"7.40083-0.319361,9268"
1502,"1.565080.334101,9269"
1503,"1.732050.701743,9600"
1504,"7.400830.089272,18018"
1505,"7.400830.0669464,4771"
1506,"1.31607-0.945821,8520"
1507,"7.40083-0.0111503,6890"
1508,"1.565080.891205,7760"
1509,"7.400830.154663,14247"
1510,"1.31607-0.0309879,7881"
1511,"7.40083-0.54838,10435"
1512,"7.400830.0247433,1614"
1513,"7.40083-0.0281946,7933"
1514,"7.400830.198981,8263"
1515,"7.40083-0.0281946,7933"
1517,"7.400830.0668255,15026"
1518,"1.31607-0.744151,8274"
1519,"7.400830.0276303,22369"
1520,"1.86121-0.953265,8974"
1521,"7.400830.0444662,7763"
1522,"1.565080.627382,9194"
1523,"7.400830.428233,8297"
1524,"7.400830.0362243,8301"
1525,"1.732050.996071,8308"
1526,"1.31607-0.833062,8614"
1527,"7.400830.045459,11345"
1528,"7.400830.0447878,17395"
1529,"7.40083-0.0457945,8320"
1530,"1.31607-0.690547,8937"
1531,"7.400830.105598,17475"
1532,"1.56508-0.55536,8824"
1533,"1.73205-0.965785,8351"
1534,"7.400830.0147098,7815"
1535,"7.40083-0.659208,8859"
1536,"1.31607-0.992169,8549"
1537,"7.400830.0982738,7291"
1538,"7.40083-0.0933791,18287"
1539,"7.40083-0.0716101,9245"
1540,"7.400830.0693994,17560"
1541,"1.31607-0.703178,8550"
1542,"7.40083-0.048586,7494"
1543,"7.40083-0.0414597,8721"
1544,"7.400830.088389,7296"
1545,"7.400830.0825133,14417"
1546,"1.565080.872507,9742"
1547,"1.732050.515059,9392"
1548,"7.400830.14131,13818"
1549,"1.73205-0.838879,12023"
1550,"7.40083-0.136029,22331"
1551,"7.400830.0163891,7310"
1552,"7.40083-0.00122238,7697"
1553,"1.565080.169722,7315"
1554,"7.400830.987786,10743"
1555,"7.400830.673839,8904"
1556,"7.400830.177528,17305"
1557,"7.40083-0.00366715,23091"
1559,"7.40083-0.0676028,17362"
1560,"1.316070.994416,6515"
1561,"1.565080.177964,11944"
1562,"1.565080.451457,9222"
1563,"7.400830.143637,7357"
1564,"7.400830.12452,7381"
1565,"7.400830.185296,14441"
1566,"7.400830.0668255,15026"
1567,"7.40083-0.0364388,8471"
1568,"7.400830.947865,7411"
1569,"1.56508-0.909289,7425"
1570,"7.40083-0.0414597,8721"
1571,"7.40083-0.307509,18461"
1572,"7.400830.298688,9924"
1573,"1.565080.107588,7442"
1574,"1.73205-0.529414,7443"
1575,"1.73205-0.589978,12974"
1576,"7.400830.0592638,8438"
1577,"1.31607-0.685281,9633"
1578,"1.565080.343328,14479"
1579,"7.400830.784102,7488"
1580,"7.40083-0.185745,8381"
1581,"1.565080.0604978,12048"
1582,"1.732050.104809,8372"
1583,"1.73205-0.998619,8379"
1584,"7.400830.460782,8382"
1585,"1.565080.694239,10440"
1586,"1.56508-0.715281,13524"
1587,"1.565080.337784,7234"
1588,"1.565080.275939,7570"
1589,"7.40083-0.635341,8418"
1590,"7.400830.119774,15021"
1591,"1.56508-0.0215063,12067"
1592,"7.400830.190771,10996"
1593,"1.565080.723409,6667"
1594,"7.40083-0.190561,5776"
1595,"7.40083-0.309413,8428"
1596,"7.400830.0592638,8438"
1597,"7.400830.419753,8448"
1598,"7.400830.0548108,11194"
1599,"1.565080.749938,14010"
1600,"7.400830.0455801,8452"
1601,"7.40083-0.44549,14827"
1602,"1.73205-0.11457,14601"
1603,"7.400830.00646169,7277"
1604,"7.400830.160832,23742"
1605,"1.565080.855566,13640"
1606,"7.40083-0.134258,15592"
1607,"7.40083-0.0281946,7933"
1608,"1.56508-0.934001,6690"
1609,"1.732050.419863,11349"
1610,"7.400830.184979,10717"
1611,"7.400830.000886478,10722"
1612,"1.56508-0.20181,12492"
1613,"7.400830.183883,10028"
1614,"7.400830.183883,10028"
1615,"1.565080.396661,6913"
1616,"1.565080.0207274,9731"
1617,"1.56508-0.903789,15515"
1618,"1.31607-0.597513,12823"
1619,"1.565080.992675,8280"
1620,"7.40083-0.174341,6852"
1621,"7.40083-0.254242,23605"
1622,"7.40083-0.184438,24464"
1623,
1624,"1.861210.816817,13066"
1625,"1.73205-0.999828,12881"
1626,"7.40083-0.0237359,10689"
1627,"1.316070.37878,561"
1628,"1.31607-0.291217,23082"
1629,"1.31607-0.733331,12559"
1630,"7.40083-0.0403456,8032"
1631,"1.565080.978958,12876"
1632,"7.40083-0.0321024,8570"
1633,"1.56508-0.351378,11992"
1634,"7.400830.0238432,19075"
1635,"7.400830.0746113,10203"
1636,"7.400830.156083,10222"
1637,"7.40083-0.452356,147"
1638,"7.400830.364087,7687"
1639,"7.40083-0.636202,9107"
1640,"7.40083-0.178731,9608"
1641,"1.316070.57229,12318"
1642,"1.86121-0.748238,9607"
1643,"1.86121-0.00724082,9613"
1644,"1.56508-0.421581,9702"
1645,"1.565080.551824,10704"
1646,"1.86121-0.371956,9623"
1647,"7.400830.0582717,10670"
1648,"1.31607-0.815334,8663"
1649,"1.56508-0.970472,8653"
1650,"7.40083-0.258333,14950"
1651,"1.732050.974618,8506"
1652,"1.732050.195583,13601"
1653,"1.565080.883808,12045"
1654,"1.316070.916837,9649"
1655,"7.400830.0900619,7829"
1656,"7.40083-0.328105,10378"
1657,"7.40083-0.481047,11448"
1658,"1.56508-0.0387885,12704"
1659,
1660,
1661,"7.40083-0.085512,13459"
1662,"1.565080.206624,13086"
1663,"1.56508-0.0802768,15144"
1664,"7.400830.953703,12688"
1665,"1.73205-0.854416,13165"
1666,"1.861210.994487,12565"
1667,"1.31607-0.236948,12581"
1668,"7.400830.186391,13752"
1669,"1.565080.0410029,14101"
1670,"7.400830.461175,13743"
1671,"1.565080.565241,13378"
1672,"7.400830.233252,12308"
1673,"1.565080.44419,11113"
1674,"1.565080.980608,13414"
1675,"7.400830.219697,21354"
1676,"7.400830.337581,24006"
1677,"7.40083-0.460198,13751"
1678,"1.56508-0.1761,13591"
1679,"1.316070.616304,13057"
1680,"7.400830.23077,11472"
1681,"1.96799-0.919794,11447"
1682,"1.86121-0.970711,10455"
1683,"7.40083-0.362209,10463"
1684,"7.40083-0.0560313,18891"
1685,"1.316070.643727,24286"
1686,"7.400830.529129,10468"
1687,"7.40083-0.312592,10495"
1688,"7.40083-0.0472578,23577"
1689,"1.565080.793212,8713"
1690,"7.400830.144302,13407"
1691,"1.316070.12496,12742"
1692,"1.56508-0.96778,13174"
1693,"1.565080.836192,13555"
1694,"7.400830.23077,11472"
1695,"1.565080.535169,11695"
1696,"1.86121-0.167192,11718"
1697,"7.400830.994636,11904"
1698,"1.565080.336316,11906"
1699,"7.40083-0.155433,11911"
1700,"1.565080.866783,11271"
1701,"7.40083-0.180925,10986"
1702,"7.400830.000886478,10722"
1703,"1.56508-0.0192767,13445"
1704,"1.73205-0.227841,12430"
1705,"1.565080.966243,13093"
1706,"1.565080.87016,12660"
1707,"7.400830.0937135,15262"
1708,"1.316070.981258,11347"
1709,"1.565080.541848,12925"
1710,"1.31607-0.689419,13609"
1711,"1.565080.988706,12659"
1712,"1.56508-0.417422,12851"
1713,"7.400830.118319,16876"
1714,"7.40083-0.203994,11114"
1715,"7.40083-0.313231,16545"
1716,"1.73205-0.269942,11118"
1717,"1.31607-0.688844,12238"
1718,"7.40083-0.427322,17372"
1719,"1.56508-0.96447,8841"
1720,"1.316070.967665,9648"
1721,"7.40083-0.0321024,8570"
1722,"7.40083-0.0319812,11227"
1723,"7.400830.0230781,11444"
1724,"7.400830.12508,7055"
1725,"1.56508-0.66622,8708"
1726,"7.40083-0.0130304,22940"
1728,"7.400830.493693,7778"
1729,"7.400830.181572,11147"
1730,"7.40083-0.194503,13893"
1731,"1.565080.430357,12878"
1732,"7.400830.156866,15625"
1733,"7.40083-0.515831,8069"
1734,"7.400830.207058,7725"
1736,"7.40083-0.454452,21028"
1737,"7.40083-0.0927102,24337"
1738,"1.316070.997563,11791"
1739,"1.316070.998767,12376"
1740,"7.400830.0338744,12874"
1741,
1742,
1743,
1744,"7.40083-0.12564,21491"
1745,"7.400830.806721,11705"
1746,"7.40083-0.819828,13486"
1747,"1.56508-0.661216,12842"
1748,"1.56508-0.695601,12087"
1749,"7.400830.0431377,23846"
1750,"1.732050.929053,12989"
1751,"1.56508-0.68861,12920"
1752,"1.565080.705,12953"
1753,
1754,"7.40083-0.94744,8672"
1755,"7.400830.371757,7149"
1756,"7.400830.256931,11236"
1757,"7.40083-0.999976,11352"
1758,"7.400830.00725473,18570"
1759,"1.316070.362635,12359"
1760,"7.40083-0.46779,11945"
1761,"7.400830.543721,14303"
1762,"7.400830.014831,11982"
1763,"7.40083-0.916526,11985"
1764,"1.565080.995349,13131"
1765,"7.400830.126853,13794"
1766,"7.400830.351064,15017"
1767,"7.400830.0634874,17093"
1768,"1.56508-0.872342,12767"
1770,"7.400830.664235,23458"
1771,"1.316070.805871,12764"
1772,"1.967990.386612,11434"
1773,"7.400830.635601,11443"
1774,"7.400830.309733,11453"
1775,
1776,
1777,
1778,"1.31607-0.989477,12239"
1779,"1.56508-0.721021,12986"
1780,"7.400830.919614,11375"
1781,
1782,"1.565080.196676,12912"
1783,
1784,"7.40083-0.105143,5347"
1785,"1.565080.951533,13915"
1786,"7.40083-0.329158,9689"
1787,"1.56508-0.329793,3639"
1788,"7.400830.116545,23615"
1789,"1.565080.502197,12988"
1790,"1.565080.152778,12289"
1791,"7.40083-0.959353,9143"
1792,"7.400830.196452,24323"
1793,
1794,
1795,"7.40083-0.174341,6852"
1796,"1.56508-0.634137,13090"
1797,
1798,"7.40083-0.780067,13418"
1799,"1.56508-0.191536,13332"
1800,"7.400830.370609,13337"
1801,"1.565080.973098,12640"
1802,"1.31607-0.56772,12420"
1803,"1.732050.907283,13206"
1804,"1.96799-0.640741,12606"
1805,
1806,"1.56508-0.315768,12562"
1807,"1.565080.276055,12227"
1808,"7.400830.114464,22987"
1809,"7.400830.0326666,23006"
1810,"7.400830.525065,11934"
1811,"7.40083-0.140539,11482"
1812,"7.400830.150255,11491"
1813,"7.400830.0889513,7140"
1814,"7.40083-0.0861813,19509"
1815,"7.400830.114237,11576"
1816,"7.400830.478997,18456"
1817,"1.565080.359402,9505"
1818,"7.40083-0.10891,8641"
1819,"7.40083-0.0941686,7560"
1820,"7.40083-0.0612755,9712"
1821,"7.40083-0.337353,15588"
1822,"7.400830.00423162,8655"
1823,"7.40083-0.7558,8661"
1824,"7.40083-0.0237359,10689"
1825,"7.400830.48961,21945"
1826,"7.40083-0.344691,10765"
1827,"1.565080.0802906,13039"
1828,
1829,"7.400830.0970434,13195"
1830,"1.31607-0.688844,12238"
1831,"7.400830.0278588,10958"
1832,"7.40083-0.0281946,7933"
1833,"7.40083-0.132927,3492"
1834,"7.40083-0.0281946,7933"
1835,"7.40083-0.0281946,7933"
1836,"7.40083-0.190561,5776"
1837,"7.40083-0.192196,7282"
1838,"7.40083-0.136029,22331"
1839,"7.400830.190771,10996"
1840,"7.400830.190771,10996"
1841,"7.400830.190771,10996"
1842,"7.400830.0641579,11043"
1843,"7.400830.0247433,1614"
1844,"1.316070.961283,6402"
1845,"7.400830.801225,7941"
1846,"7.40083-0.000550572,13747"
1847,"7.40083-0.190561,5776"
1848,"1.56508-0.076179,13308"
1849,"7.40083-0.0281946,7933"
1850,"7.40083-0.0177187,8773"
1851,"7.40083-0.286008,21453"
1852,"7.400830.285467,7017"
1854,"7.400830.230652,8325"
1855,"7.40083-0.248508,11048"
1856,"1.73205-0.981834,12305"
1857,"7.40083-0.761977,11287"
1858,"7.40083-0.038439,18504"
1860,"1.56508-0.745934,12257"
1861,"7.400830.355237,12261"
1862,"1.56508-0.490207,12288"
1863,"1.565080.19636,12246"
1864,"1.56508-0.88558,12844"
1865,"1.316070.630327,12488"
1866,"1.56508-0.934356,12418"
1867,"1.56508-0.43508,13298"
1868,"1.565080.772266,12611"
1869,"1.73205-0.618924,13059"
1870,"1.56508-0.858673,12627"
1871,"1.565080.0131517,3143"
1872,"1.31607-0.780764,12729"
1873,"1.56508-0.98803,12768"
1874,"1.565080.549031,12771"
1875,"1.732050.999511,13084"
1876,"1.732050.232939,12850"
1877,"1.56508-0.720471,12861"
1878,"1.73205-0.999828,12881"
1879,"1.732050.945243,12924"
1880,"7.40083-0.997935,12947"
1881,"1.565080.320735,12982"
1882,"1.565080.223823,12699"
1883,"1.56508-0.660974,12316"
1884,"7.400830.371345,12510"
1885,"7.40083-0.864159,11691"
1886,"7.400830.206939,12072"
1887,"1.732050.842321,13132"
1888,"7.400830.601706,12403"
1889,"7.40083-0.120867,12473"
1892,"7.40083-0.378058,2897"
1893,"7.400830.154663,14247"
1894,"7.400830.126853,13794"
1895,"7.400830.278727,142"
1896,"7.400830.278727,142"
1898,"1.73205-0.200718,13181"
1900,"1.56508-0.705152,3819"
1901,"7.40083-0.00879906,14285"
1902,"1.56508-0.0908378,5493"
1903,"7.400830.147385,4063"
1904,"7.40083-0.0741831,23341"
1905,"7.40083-0.0373247,19193"
1906,"7.40083-0.693998,13465"
1907,"7.40083-0.457512,13474"
1908,"7.40083-0.0185116,17074"
1909,"7.400830.160699,24238"
1910,"1.31607-0.699596,8642"
1911,"1.31607-0.21794,13568"
1912,"7.400830.0462512,14502"
1913,"1.565080.596446,3260"
1914,"1.56508-0.829786,13099"
1915,"7.400830.469179,11566"
1916,"7.40083-0.746676,11568"
1917,"7.400830.0973916,18013"
1918,"1.316070.54204,24336"
1919,"7.400830.0973916,18013"
1920,"7.400830.0278588,10958"
1921,"7.400830.097712,7145"
1922,"1.31607-0.889019,13541"
1923,"1.565080.578125,13545"
1924,"7.40083-0.0917344,22954"
1925,"7.400830.914548,13593"
1926,"7.400830.969086,13594"
1929,"7.40083-0.111794,1213"
1930,"1.56508-0.97624,1678"
1931,"7.40083-0.5119,14484"
1932,"7.400830.4237,2694"
1933,"7.400830.0592638,8438"
1934,"1.56508-0.453254,8928"
1935,"7.40083-0.0968297,3577"
1936,"7.400830.25003,12463"
1937,"7.40083-0.00278067,12369"
1938,"7.40083-0.183117,12364"
1939,"7.40083-0.209344,717"
1940,"7.40083-0.0750671,12619"
1941,"7.400830.515739,16455"
1942,"7.40083-0.0281946,7933"
1943,"1.565080.26059,7942"
1944,"7.40083-0.095158,11548"
1945,"7.400830.101602,9358"
1946,"7.40083-0.132487,8853"
1947,"7.400830.280648,10175"
1948,"7.40083-0.0927102,24337"
1949,"7.40083-0.048586,7494"
1950,"7.40083-0.590976,7512"
1951,"7.400830.0754021,15644"
1952,"1.565080.420155,13809"
1953,"1.861210.331695,14511"
1954,"7.400830.532908,7712"
1956,"7.40083-0.127505,8339"
1957,"7.400830.359102,15653"
1958,"7.400830.783059,7637"
1959,"7.40083-0.0321024,8570"
1960,"7.400830.385583,10745"
1961,"7.400830.00881297,13898"
1962,"7.400830.156866,15625"
1963,"7.400830.65838,18635"
1965,"7.400830.441191,9046"
1966,"7.400830.0147098,7815"
1967,"7.40083-0.626178,23661"
1968,"7.40083-0.601791,20789"
1969,"7.400830.173137,14549"
1970,"7.40083-0.20661,15097"
1971,"7.400830.220443,9165"
1972,"7.400830.111233,15649"
1973,"7.400830.268001,7032"
1974,"7.40083-0.991104,9087"
1975,"1.565080.991192,13046"
1976,"1.56508-0.18684,9070"
1977,"7.400830.499989,10792"
1978,"7.40083-0.252293,5455"
1979,"7.400830.211301,9316"
1980,"7.40083-0.82326,11570"
1981,"7.40083-0.00959208,11562"
1982,"7.400830.857293,11573"
1983,"7.40083-0.951772,11579"
1984,"7.40083-0.951772,11579"
1985,"7.40083-0.315857,24007"
1986,"7.40083-0.377536,11539"
1987,"7.40083-0.0679519,13846"
1989,"7.40083-0.095158,11548"
1990,"7.40083-0.19744,15248"
1991,"7.400830.0787373,17711"
1992,"7.40083-0.653319,13682"
1993,"7.400830.089272,18018"
1994,"7.40083-0.494755,15475"
1995,"7.400830.067938,14337"
1996,"7.40083-0.645863,8472"
1997,"1.565080.24679,10396"
1998,"7.40083-0.110018,7952"
1999,"7.40083-0.048586,7494"
2000,"7.400830.691275,18012"
2001,"7.40083-0.048586,7494"
2002,"7.40083-0.048586,7494"
2003,"7.40083-0.110018,7952"
2004,"7.400830.592048,8571"
2005,"1.732050.256164,14611"
2006,"7.400830.212732,22581"
2007,"7.400830.0103712,9226"
2008,"7.400830.0103712,9226"
2009,"7.400830.14131,13818"
2010,"7.400830.987805,9054"
2011,"7.400830.368237,10443"
2012,"7.400830.0447878,17395"
2013,"7.40083-0.640153,17913"
2014,"7.40083-0.329158,9689"
2015,"7.400830.960232,9696"
2016,"7.40083-0.174341,6852"
2017,"7.40083-0.280971,7150"
2018,"7.40083-0.208792,13719"
2019,"7.40083-0.209344,717"
2020,"1.565080.735374,13517"
2021,"1.565080.915767,13632"
2022,"7.40083-0.627738,13628"
2023,"7.400830.968335,13631"
2024,"7.40083-0.012937,13629"
2025,"7.40083-0.173123,13634"
2026,"7.400830.301341,2445"
2027,"7.40083-0.409827,24256"
2028,"7.40083-0.735228,3255"
2030,"7.40083-0.290909,2076"
2031,"7.400830.277656,831"
2032,"7.400830.0153815,1765"
2033,"7.400830.044909,2402"
2034,"7.40083-0.344804,9032"
2035,"7.40083-0.582491,6672"
2036,"7.40083-0.640153,17913"
2037,"7.40083-0.172025,14323"
2038,"7.400830.308557,9033"
2039,"7.400830.330642,13822"
2040,"7.40083-0.0522485,15597"
2041,"7.400830.0693994,17560"
2042,"7.400830.993512,7053"
2043,"7.40083-0.392464,12543"
2044,"7.40083-0.146176,11760"
2045,"7.40083-0.575305,7226"
2046,"1.565080.792197,4345"
2047,"7.400830.0412313,2690"
2048,"7.40083-0.359616,1906"
2049,"7.40083-0.111794,1213"
2050,"7.40083-0.330744,5436"
2051,"7.40083-0.0876129,4960"
2052,"7.400830.507971,8854"
2053,"7.400830.0742902,14955"
2054,"7.400830.167087,3332"
2055,"7.400830.167087,3332"
2056,"7.40083-0.251213,4766"
2057,"7.40083-0.251213,4766"
2058,"7.40083-0.060605,3662"
2059,"7.400830.280223,4814"
2060,"1.316070.107374,24214"
2061,"7.400830.0825133,14417"
2062,"7.400830.0592638,8438"
2063,"7.400830.304849,2647"
2064,"7.400830.089272,18018"
2065,"7.40083-0.679665,5341"
2066,"7.400830.0730572,5531"
2067,"7.400830.715356,5138"
2068,
2069,"7.40083-0.463843,14701"
2070,"7.400830.0973916,18013"
2071,"7.40083-0.544938,18017"
2072,"7.40083-0.544938,18017"
2073,"7.40083-0.377536,11539"
2074,"7.400830.854409,15018"
2076,"7.400830.198112,18985"
2077,"7.400830.944764,18973"
2078,"7.40083-0.956704,10503"
2079,"7.400830.255853,10547"
2080,"7.40083-0.0656058,7329"
2081,"7.400830.396143,7523"
2082,"7.40083-0.562655,5461"
2083,"7.40083-0.411542,5574"
2084,"7.400830.3675,15404"
2085,"7.400830.3675,15404"
2086,"7.40083-0.152446,15314"
2087,"7.40083-0.0364388,8471"
2088,"7.40083-0.2799,7839"
2089,"1.56508-0.190007,8660"
2090,"7.400830.0919344,22001"
2091,"7.400830.371757,7149"
2092,"7.40083-0.110018,7952"
2093,"1.56508-0.721793,13675"
2094,"7.40083-0.524024,19631"
2095,"7.400830.144741,8046"
2096,"7.400830.19089,8801"
2097,"7.400830.00467486,14016"
2098,"7.40083-0.269825,8679"
2099,"7.40083-0.642719,19980"
2100,"7.400830.779655,8715"
2101,"7.40083-0.358375,17989"
2102,"1.565080.0417953,11746"
2103,"7.40083-0.244954,12043"
2104,"7.400830.66597,11733"
2105,"7.40083-0.728242,13826"
2106,
2108,"7.400830.1327,7919"
2109,"7.400830.0657129,15715"
2110,"7.40083-0.0281946,7933"
2111,"7.40083-0.0281946,7933"
2112,"7.400830.180594,7961"
2113,"1.316070.883701,23456"
2114,"7.40083-0.0451234,14370"
2115,"7.40083-0.456126,8802"
2117,"7.40083-0.224896,14795"
2118,"7.40083-0.439381,9104"
2119,"7.400830.115571,23676"
2120,"7.400830.736129,12828"
2121,"7.40083-0.0629379,3346"
2122,"7.40083-0.0203915,12756"
2123,"7.40083-0.667972,12467"
2124,"7.40083-0.548852,4001"
2125,"7.40083-0.245266,13115"
2126,"7.40083-0.0679519,13846"
2127,"7.40083-0.849095,12833"
2128,"7.400830.765566,13451"
2129,"7.40083-0.538377,13194"
2130,"7.40083-0.120107,18046"
2131,"7.400830.0973916,18013"
2132,"1.565080.0967229,11963"
2133,"7.40083-0.295481,20326"
2134,"1.565080.977478,11649"
2135,"7.400830.271339,14832"
2136,"7.400830.613666,10990"
2139,"7.400830.530451,15140"
2140,"7.40083-0.530462,13043"
2141,"7.40083-0.962982,12286"
2142,"7.400830.250563,1284"
2143,"7.400830.648587,5006"
2144,"7.40083-0.18453,12105"
2145,"7.40083-0.365025,16762"
2146,"7.40083-0.825154,13637"
2147,"7.400830.117559,13643"
2149,"7.40083-0.0462373,13681"
2150,"7.40083-0.653319,13682"
2151,"1.56508-0.297188,13587"
2152,"7.40083-0.058607,13695"
2153,"7.40083-0.0462373,13681"
2154,"7.400830.18849,24195"
2155,"7.40083-0.158829,22591"
2156,"7.40083-0.217626,11590"
2157,"7.400830.177184,13903"
2158,"7.40083-0.0143739,10840"
2159,"7.40083-0.00924228,19646"
2160,"7.40083-0.0143739,10840"
2161,"7.40083-0.296546,19637"
2162,"7.400830.473397,10836"
2163,"7.400830.118986,10826"
2164,"7.400830.118986,10826"
2165,"7.40083-0.0339817,21260"
2166,"7.40083-0.00879906,14285"
2168,"7.40083-0.793351,2698"
2169,"7.400830.207163,661"
2170,"7.400830.683577,2625"
2171,"7.40083-0.686581,2894"
2172,"7.40083-0.186721,10727"
2173,"7.40083-0.186721,10727"
2174,"7.40083-0.217626,11590"
2175,"7.40083-0.998671,10729"
2176,"7.400830.525637,17984"
2177,"7.40083-0.998671,10729"
2178,"7.400830.473397,10836"
2179,"7.400830.473397,10836"
2180,"7.400830.157622,14894"
2181,"7.40083-0.171708,10835"
2182,"7.400830.473397,10836"
2183,"7.40083-0.171708,10835"
2184,"7.40083-0.281732,18697"
2185,"7.400830.351806,10830"
2186,"7.400830.118986,10826"
2187,"7.400830.992795,10828"
2188,"7.400830.118986,10826"
2189,"7.400830.751996,4666"
2190,"7.40083-0.251213,4766"
2191,"7.40083-0.209344,717"
2193,"7.40083-0.209344,717"
2194,"7.40083-0.209344,717"
2195,"7.40083-0.209344,717"
2196,"7.40083-0.209344,717"
2197,"7.40083-0.209344,717"
2198,"7.40083-0.209344,717"
2199,"7.40083-0.209344,717"
2200,"7.40083-0.209344,717"
2201,"7.40083-0.448278,5483"
2202,"7.40083-0.0240856,20519"
2203,"7.400830.66347,13800"
2204,"7.400830.990547,9356"
2205,"7.40083-0.944403,8521"
2206,"7.40083-0.938656,4839"
2207,"7.40083-0.938656,4839"
2208,"7.40083-0.30857,19150"
2209,"7.40083-0.258333,14950"
2210,"7.400830.255853,10547"
2211,"7.40083-0.174341,6852"
2213,
2214,
2215,"7.400830.925548,13140"
2216,"7.40083-0.398288,14531"
2217,"7.40083-0.111794,1213"
2218,"7.400830.971589,5363"
2219,
2220,"7.400830.198981,8263"
2221,"7.40083-0.709094,374"
2222,"7.400830.123187,19481"
2223,"7.400830.738471,9036"
2224,"7.40083-0.758792,13892"
2225,"7.40083-0.258333,14950"
2227,"1.316070.483883,21901"
2228,"7.400830.278727,142"
2229,
2230,"7.40083-0.906819,14288"
2231,"7.40083-0.221977,14346"
2232,"1.31607-0.685047,15525"
2233,"7.400830.464533,17037"
2234,"7.400830.790974,14378"
2235,
2236,"7.40083-0.150587,14516"
2237,"7.40083-0.150587,14516"
2238,"7.40083-0.307509,18461"
2239,"7.40083-0.440985,2365"
2240,"7.40083-0.672677,14607"
2241,"7.400830.211734,14677"
2242,"7.400830.211734,14677"
2243,"7.40083-0.0784024,14686"
2244,"7.400830.528856,14690"
2245,"7.400830.528856,14690"
2246,"7.40083-0.930777,1178"
2249,"7.400830.0876268,23223"
2250,"7.40083-0.237601,18631"
2251,"7.40083-0.0930585,6871"
2253,"7.400830.421569,18481"
2255,"7.400830.103032,15111"
2257,"1.565080.546232,14838"
2260,"7.400830.537799,21039"
2262,"7.400830.315029,14898"
2265,"7.400830.639895,14888"
2266,"7.400830.0286515,14889"
2267,"7.400830.236191,14917"
2268,"7.400830.877637,10895"
2269,"7.40083-0.382481,19505"
2270,"7.400830.241044,24257"
2271,"7.400830.877256,14952"
2272,"7.400830.991971,14962"
2273,"7.400830.991971,14962"
2274,"7.400830.375483,15266"
2275,"7.400830.991971,14962"
2276,"7.400830.214346,18660"
2277,"7.400830.991971,14962"
2278,"7.400830.991971,14962"
2279,"1.565080.858274,14963"
2280,"7.40083-0.429738,21355"
2281,"7.40083-0.0289873,17914"
2282,
2283,"7.400830.688045,15256"
2284,"7.400830.272295,4276"
2285,"7.400830.805138,7722"
2287,"7.400830.811897,2193"
2289,"7.400830.295597,529"
2290,"7.400830.988387,5760"
2291,"7.40083-0.547076,5763"
2293,"7.400830.459195,15121"
2294,"7.400830.530451,15140"
2295,"7.40083-0.111339,24035"
2296,"7.400830.00690492,12638"
2297,"7.40083-0.671284,15223"
2298,
2299,
2301,"7.400830.797747,21268"
2302,
2303,"7.400830.761184,18984"
2304,"7.400830.691275,18012"
2305,"7.40083-0.232926,15333"
2306,"7.40083-0.277113,15267"
2307,"7.40083-0.152446,15314"
2308,"7.40083-0.148262,6659"
2309,
2310,"7.400830.214779,24021"
2311,
2312,
2313,
2314,
2315,"7.40083-0.25941,15639"
2316,"7.40083-0.673591,5879"
2317,"7.400830.102271,15408"
2319,"7.400830.147611,15474"
2320,"1.73205-0.766292,15421"
2321,"7.400830.025401,23747"
2324,"7.40083-0.148262,6659"
2325,"7.40083-0.623041,15544"
2326,"7.40083-0.90761,15542"
2327,"7.400830.279269,14294"
2328,
2329,"7.400830.0750533,15564"
2330,"7.40083-0.0909447,2893"
2331,
2332,"7.40083-0.263715,18395"
2333,"1.31607-0.998098,19639"
2334,"7.400830.0235213,6083"
2335,"7.40083-0.613305,11832"
2336,"7.40083-0.640153,17913"
2337,"7.400830.405043,23836"
2338,"7.40083-0.398609,16677"
2339,"7.400830.0294164,15630"
2340,"7.40083-0.303262,15705"
2341,"7.40083-0.466602,24045"
2342,"7.400830.667062,20164"
2343,"7.400830.154225,19608"
2344,"7.400830.113889,19632"
2345,"7.40083-0.00924228,19646"
2346,"7.400830.154225,19608"
2347,"7.40083-0.672846,3196"
2348,"7.40083-0.999986,3773"
2349,"7.400830.784377,2127"
2350,"7.400830.784377,2127"
2351,"7.40083-0.783201,3774"
2352,"7.40083-0.694404,971"
2353,"7.400830.0876268,23223"
2354,"7.400830.379613,18022"
2355,"7.400830.515739,16455"
2356,"7.40083-0.233266,15875"
2357,"7.40083-0.233266,15875"
2358,"7.400830.507694,16304"
2359,"7.40083-0.132807,16305"
2360,"7.40083-0.132807,16305"
2361,"7.40083-0.0659548,23879"
2362,"7.400830.157967,16314"
2363,"7.40083-0.523532,22988"
2365,
2367,"7.40083-0.0240856,20519"
2368,"7.400830.545669,20888"
2369,"7.400830.941921,6723"
2370,"7.400830.0700696,23610"
2371,
2372,"7.40083-0.787815,22611"
2373,"7.40083-0.833501,17233"
2375,
2376,"7.400830.0514704,13261"
2377,"7.40083-0.375258,24328"
2378,"7.40083-0.120867,12473"
2380,"7.40083-0.0317528,22638"
2381,"7.400830.212076,16531"
2382,"7.400830.258229,23336"
2383,"7.400830.216523,17282"
2384,"7.400830.221217,16682"
2385,"1.31607-0.919884,22858"
2386,"7.40083-0.670198,16674"
2387,"7.40083-0.230756,16711"
2388,"7.400830.48825,17273"
2389,"7.40083-0.159492,16541"
2390,"7.40083-0.159492,16541"
2391,"7.40083-0.159492,16541"
2392,"7.400830.144967,19457"
2393,"7.40083-0.159492,16541"
2394,"7.40083-0.735146,16542"
2395,"7.40083-0.735146,16542"
2396,"7.400830.999867,16680"
2397,"7.400830.48825,17273"
2398,"7.400830.198112,18985"
2399,"7.400830.48825,17273"
2400,"7.40083-0.317552,17268"
2401,"7.40083-0.889995,24406"
2402,"7.40083-0.036117,16687"
2403,"7.40083-0.036117,16687"
2404,"7.40083-0.036117,16687"
2405,"7.40083-0.036117,16687"
2406,"7.400830.796457,16679"
2407,"7.400830.242777,17518"
2408,"7.400830.524688,17295"
2409,"7.400830.770359,16530"
2410,"7.400830.524688,17295"
2411,"7.40083-0.0735131,17291"
2412,"7.400830.886253,16558"
2413,"7.400830.524688,17295"
2414,"7.400830.770359,16530"
2415,"7.400830.524688,17295"
2416,"7.400830.524688,17295"
2417,"7.400830.455146,18692"
2418,"7.40083-0.432671,17281"
2420,"7.400830.563954,18050"
2422,"7.40083-0.497077,19458"
2423,"7.400830.802084,16528"
2425,"7.40083-0.489435,23010"
2426,"7.400830.349088,3402"
2427,"7.400830.259085,12614"
2428,"7.400830.259085,12614"
2433,"7.400830.773757,8564"
2434,"7.400830.951015,1210"
2435,"7.400830.0462512,14502"
2436,
2443,"7.40083-0.847274,21669"
2444,"7.400830.265541,16748"
2445,
2447,"7.400830.531692,16757"
2448,
2449,"7.400830.838264,16849"
2557,
2558,"7.400830.352435,16880"
2559,"7.40083-0.923428,11598"
2560,"7.40083-0.17049,9651"
2561,"7.400830.792607,10395"
2562,"7.400830.50489,22332"
2563,"7.40083-0.889382,12306"
2564,"7.40083-0.5547,17023"
2565,"7.400830.706332,16877"
2566,"7.400830.910354,3022"
2567,"7.40083-0.429447,3803"
2568,"7.40083-0.0522485,15597"
2569,"7.400830.619631,4402"
2570,"7.40083-0.967498,12485"
2571,"7.40083-0.911551,4406"
2573,"7.40083-0.726471,18760"
2574,"7.40083-0.217075,2846"
2575,"7.40083-0.750666,13484"
2576,
2577,"7.400830.947406,17058"
2578,"7.400830.947406,17058"
2579,"7.400830.231424,17522"
2580,"7.40083-0.0313098,17277"
2581,"7.40083-0.0676028,17362"
2582,"7.40083-0.646468,17375"
2583,"7.400830.134018,24002"
2584,"7.40083-0.286008,21453"
2585,"7.40083-0.317552,17268"
2586,"7.40083-0.137133,23020"
2587,"7.40083-0.317552,17268"
2589,"7.40083-0.317552,17268"
2591,"7.40083-0.0735131,17291"
2594,"7.40083-0.576941,17259"
2595,"7.400830.558127,17292"
2596,"7.400830.558127,17292"
2597,"7.40083-0.576941,17259"
2599,"7.40083-0.67376,17290"
2600,"7.400830.25758,17286"
2602,"7.400830.177528,17305"
2604,"7.400830.48825,17273"
2605,"7.400830.177528,17305"
2606,"7.40083-0.432671,17281"
2608,"7.40083-0.432671,17281"
2609,
2610,"7.400830.177528,17305"
2612,"7.40083-0.584487,19461"
2614,"7.40083-0.505099,17262"
2617,"7.40083-0.505099,17262"
2618,"7.40083-0.732051,17271"
2619,"7.40083-0.394193,17287"
2620,"7.40083-0.0735131,17291"
2621,"7.40083-0.432671,17281"
2622,"7.40083-0.432671,17281"
2623,"7.40083-0.432671,17281"
2624,"7.40083-0.432671,17281"
2625,"7.40083-0.432671,17281"
2626,"7.40083-0.0735131,17291"
2627,"7.40083-0.0735131,17291"
2628,"7.40083-0.0735131,17291"
2629,"7.40083-0.569267,17410"
2630,"7.400830.0810534,17480"
2631,"7.400830.0068115,23931"
2632,"7.400830.570747,17512"
2633,"7.40083-0.0582578,17513"
2634,
2635,
2637,"7.400830.104261,5375"
2638,"7.400830.353478,17569"
2639,"7.40083-0.824956,17571"
2640,"7.40083-0.997886,17572"
2641,"7.40083-0.299739,17570"
2643,
2644,
2645,"7.400830.293671,18679"
2646,"7.40083-0.296546,19637"
2647,"7.40083-0.0522485,15597"
2648,
2649,
2650,"7.40083-0.60385,11797"
2651,"7.40083-0.0172755,3412"
2652,
2653,"7.400830.650456,17795"
2654,"7.400830.214254,17909"
2655,"7.40083-0.15729,17919"
2656,"7.400830.133486,17928"
2657,"7.400830.10724,23766"
2658,"7.400830.31355,19570"
2659,"7.400830.691275,18012"
2660,"7.400830.691275,18012"
2661,"7.400830.691275,18012"
2662,"7.400830.691275,18012"
2663,"7.40083-0.474391,18036"
2664,"7.400830.691275,18012"
2665,"7.400830.691275,18012"
2666,"7.400830.691275,18012"
2667,"7.40083-0.15676,24011"
2668,"7.400830.170595,18037"
2669,"7.40083-0.854235,18043"
2670,"7.40083-0.350749,18042"
2671,"7.400830.30252,18041"
2672,"7.40083-0.985099,18053"
2674,"7.40083-0.20661,15097"
2675,"7.40083-0.236087,23303"
2676,"7.40083-0.785834,23302"
2677,"7.40083-0.339869,19571"
2678,"7.400830.379613,18022"
2679,"7.40083-0.617974,22821"
2680,"7.40083-0.433277,23331"
2681,"7.400830.0244214,23544"
2682,"7.40083-0.739213,18458"
2683,"7.40083-0.228495,18480"
2684,"7.400830.421569,18481"
2685,"7.400830.651303,18484"
2686,
2687,
2688,
2689,"7.400830.345838,18462"
2690,"7.400830.586927,18503"
2691,"7.400830.54884,24182"
2692,"7.40083-0.535452,8670"
2693,"7.40083-0.237601,18631"
2694,"7.40083-0.237601,18631"
2695,"7.40083-0.701025,18675"
2696,"7.400830.0727361,19627"
2697,"7.40083-0.913053,18685"
2698,"7.40083-0.6127,18687"
2699,"7.400830.865333,18699"
2700,"7.400830.0985013,18702"
2701,"7.40083-0.946798,18705"
2702,"7.40083-0.288145,22831"
2703,"7.400830.608807,6891"
2704,"7.400830.542412,18975"
2705,"7.400830.369785,2615"
2706,"7.40083-0.920094,19072"
2707,"7.400830.273058,21571"
2708,
2709,"7.400830.273058,21571"
2710,"7.40083-0.320938,3790"
2711,"7.40083-0.270472,2629"
2712,"7.400830.524767,19274"
2713,"7.400830.524767,19274"
2714,
2715,
2716,"7.40083-0.326328,19452"
2717,"7.400830.508735,19576"
2718,"7.400830.888822,20003"
2719,"7.400830.888822,20003"
2720,"7.400830.725104,19456"
2721,"7.40083-0.92685,19459"
2722,"7.400830.0414458,19462"
2723,"7.40083-0.960822,19460"
2724,"7.40083-0.965113,24235"
2725,"7.400830.995594,19455"
2726,"7.400830.64968,19463"
2727,"7.40083-0.382481,19505"
2728,"7.400830.462868,12793"
2729,
2730,
2731,"7.40083-0.509405,21912"
2732,"7.400830.431969,19617"
2733,"7.400830.703168,19633"
2734,"7.40083-0.999793,19620"
2735,"7.40083-0.103138,23497"
2736,
2737,
2738,
2739,
2740,"7.40083-0.775525,24378"
2741,
2742,"7.40083-0.258423,21619"
2743,"7.400830.489142,19985"
2744,"7.400830.994787,19993"
2745,"7.400830.719399,19994"
2746,"7.40083-0.958504,19998"
2747,"7.400830.655929,20001"
2748,"7.400830.888822,20003"
2749,
2751,"7.40083-0.989464,24330"
2752,"7.400830.940901,20502"
2753,
2754,"7.40083-0.522203,18316"
2755,
2756,"7.40083-0.987453,20507"
2757,"7.40083-0.0240856,20519"
2758,
2759,
2760,
2761,
2762,
2763,
2764,
2765,
2768,
2769,
2770,
2771,
2772,
2773,
2777,
2778,
2779,
2780,
2783,
2784,
2785,
2786,
2787,
2788,
2789,
2790,
2791,"7.40083-0.986396,23339"
2792,"7.40083-0.124534,20802"
2793,"7.400830.143291,23851"
2794,"7.40083-0.583113,23847"
2795,"7.400830.537346,20891"
2796,"7.400830.466899,21020"
2798,"7.40083-0.865723,21035"
2799,
2800,
2801,"7.40083-0.0980463,4120"
2804,"7.400830.254996,21269"
2805,"7.40083-0.396648,21270"
2806,
2807,
2808,
2809,
2810,
2811,
2812,
2813,"7.40083-0.915275,21329"
2815,"7.40083-0.671354,21346"
2816,"7.400830.298907,21335"
2817,
2819,"7.40083-0.979098,21357"
2820,"7.400830.863089,21455"
2821,"7.400830.0210771,21477"
2822,"7.400830.758205,3569"
2823,"7.400830.758205,3569"
2824,"7.400830.968198,116"
2825,
2826,
2827,
2828,
2829,
2830,
2831,
2832,
2833,
2834,"7.40083-0.14252,21515"
2835,"7.40083-0.723399,21516"
2836,"7.400830.32399,21520"
2838,"7.400830.287269,22813"
2839,"7.40083-0.258423,21619"
2840,
2841,"7.400830.273058,21571"
2842,"7.400830.464926,22398"
2843,"7.40083-0.847274,21669"
2844,"7.40083-0.847274,21669"
2845,"7.40083-0.847274,21669"
2846,
2847,"7.40083-0.847274,21669"
2848,"7.40083-0.847274,21669"
2849,
2850,"7.40083-0.242139,4615"
2852,"7.400830.12464,12416"
2853,
2854,"7.40083-0.595648,22368"
2856,"7.40083-0.360956,22563"
2857,"7.400830.770787,22580"
2858,"1.31607-0.996811,22593"
2859,
2860,"7.40083-0.635766,5329"
2861,"7.400830.225773,2666"
2862,"7.40083-0.391438,11854"
2863,
2864,
2866,
2867,
2868,
2869,"7.400830.542863,22955"
2870,"7.400830.0721592,22992"
2872,"7.40083-0.489435,23010"
2873,"7.40083-0.923516,23009"
2874,"7.40083-0.923516,23009"
2875,"7.40083-0.923516,23009"
2876,"7.400830.153654,23011"
2877,"7.40083-0.845183,23017"
2879,"7.40083-0.489435,23010"
2880,"7.40083-0.536689,23227"
2881,
2882,
2883,
2884,
2885,"7.400830.795375,23418"
2886,"7.400830.232077,23572"
2887,"7.400830.232077,23572"
2888,"7.400830.841893,12715"
2891,
2893,"7.40083-0.12993,23733"
2894,"7.40083-0.529711,23765"
2895,"7.400830.079407,23761"
2896,"7.400830.970876,23778"
2897,"7.400830.615605,23779"
2898,"7.400830.891807,23843"
2899,"7.400830.650967,23845"
2900,"7.400830.0887375,23912"
2902,"7.40083-0.227932,24139"
2903,
2904,
2905,
2906,
2907,
2908,
2909,
2910,
2911,
2912,
2913,
2916,
2917,
2918,
2919,"7.400830.88994,4609"
2920,"7.400830.919176,12064"
2923,
2924,
2925,"7.40083-0.889995,24406"
2926,"7.40083-0.889995,24406"
2927,"7.40083-0.889995,24406"
2928,"7.40083-0.889995,24406"
2929,"7.40083-0.889995,24406"
2930,"7.40083-0.889995,24406"
2931,"7.40083-0.889995,24406"
2932,"7.40083-0.889995,24406"
2933,"7.40083-0.889995,24406"
2934,"7.40083-0.889995,24406"
2935,"7.40083-0.889995,24406"
2936,"7.40083-0.889995,24406"
2937,"7.40083-0.889995,24406"
2939,"7.40083-0.889995,24406"
2940,"7.40083-0.889995,24406"
2941,"7.400830.999986,24410"
2942,"7.40083-0.342509,24426"
2943,"7.40083-0.342509,24426"
2944,"7.400830.310881,24427"
2945,
2946,"7.400830.387726,24446"
2947,"7.40083-0.00143705,24469"
2948,
2949,
2951,"7.40083-0.847274,21669"
