MemberID,PhotoID
88,11850
89,15226
90,181
91,15668
92,15590
93,13819
94,10643
95,14469
96,12681
98,3558
99,3258
100,3413
101,54
102,56
104,1317
106,3571
107,3571
108,12945
109,18766
110,18770
111,12348
112,18094
113,2390
114,13305
115,12380
116,2713
117,13625
118,13216
119,3424
120,60
121,8167
122,12941
123,11866
124,4778
125,12242
126,255
127,13114
128,4420
129,13513
130,13303
131,2448
132,3573
133,125
134,181
135,12799
136,3277
137,196
138,12879
139,215
140,23066
141,12592
142,2938
143,12462
144,1903
145,1900
146,2956
148,18481
149,9429
150,253
152,6842
153,19510
157,347
158,359
159,369
160,377
161,377
162,6233
163,4238
164,498
165,501
166,506
167,551
168,540
169,546
170,564
171,573
172,577
173,579
174,584
176,607
177,636
178,648
179,649
180,654
181,656
182,660
183,670
184,687
185,689
186,689
187,653
188,6524
189,7635
190,651
191,686
192,11734
193,7271
194,9596
195,6498
196,7190
197,24295
198,8717
199,682
201,12548
202,601
203,2714
204,12657
205,12475
206,6201
207,633
208,7493
209,7439
210,3431
211,12404
212,9260
213,13075
214,8160
215,12952
216,5312
217,12458
218,14818
219,23915
220,377
221,12939
222,13058
223,11155
224,11958
225,12486
226,12670
227,12549
230,362
231,15053
232,7915
233,15058
234,17769
235,575
236,3840
237,12933
238,12530
240,11640
241,12370
243,12671
244,15015
245,514
246,12773
247,11962
248,12778
250,24641
251,4102
252,12501
253,3957
254,5842
255,2532
257,3425
258,2920
259,3732
261,18096
262,8633
263,11806
264,593
265,637
266,596
267,4909
268,13569
269,21372
270,13152
272,604
273,3326
274,12895
275,12382
276,765
277,13847
278,11108
279,12785
280,12784
281,12675
282,11289
283,13508
284,24825
285,12049
286,12795
288,12275
289,258
290,12343
291,12709
292,1916
293,21863
294,12971
295,11787
296,12319
297,581
298,1514
300,12713
301,13607
302,24122
303,12586
304,12237
305,13376
306,6809
307,624
308,11636
309,12824
310,5980
311,611
312,12665
313,746
314,12713
315,12753
316,776
317,781
318,883
320,4605
321,12268
322,12959
323,13186
324,926
325,11870
326,3776
327,12311
328,11886
329,10733
330,4657
331,9765
332,989
333,9852
334,12468
335,2543
336,4238
337,6184
338,12396
339,12411
340,6526
341,12575
342,12292
343,2383
344,8567
345,12621
346,12653
347,3648
348,12568
350,13852
351,10990
352,1017
353,9242
354,13560
355,12598
356,11350
357,5916
359,13148
360,13506
361,2932
362,1089
363,17391
364,12954
365,12255
366,12503
367,12700
368,12241
369,11728
370,12810
371,14466
372,12542
374,3826
375,12774
376,3194
377,6488
378,3885
379,1498
380,3798
381,3334
382,6061
383,14599
384,4448
385,1978
386,2017
387,2037
388,562
389,13626
390,9371
391,12819
392,11953
393,6887
394,3150
395,11795
397,3423
398,12349
400,2058
401,12628
402,12864
403,2410
404,2468
405,2499
406,2695
407,4448
408,13281
409,12413
410,11042
411,12913
412,576
413,12589
414,12821
416,12513
418,12553
419,24595
420,12597
421,13182
422,12350
423,18634
424,24602
426,3632
427,12516
428,12571
429,15148
430,13546
431,12593
432,13092
434,2361
435,12427
436,13278
437,18102
438,12984
439,13836
440,12546
441,12263
442,11056
443,12677
444,12652
445,5818
446,13578
447,12295
448,12790
449,7473
451,13488
452,12949
453,10774
454,13610
455,12711
456,13543
457,14969
458,8807
460,11860
461,11852
462,14954
463,5670
464,12966
465,12363
467,13235
468,7497
469,13778
470,3838
471,12309
472,4301
473,3573
474,12283
475,9778
476,3855
477,10491
478,11648
479,13794
480,2982
481,12327
484,18463
485,11260
486,12422
487,5251
489,15000
490,14954
491,11808
492,3388
493,3996
495,5050
496,13398
497,3412
498,24233
500,3978
501,5711
502,12248
503,13390
504,12654
505,12302
509,18466
510,7933
511,22977
512,15620
513,3435
516,3445
517,2982
518,5842
519,614
521,17573
523,6489
524,6656
525,6374
526,1448
528,11216
529,1480
530,999
531,23537
532,
533,5101
534,1862
535,7801
537,1585
538,3798
539,11715
540,1631
542,10413
543,17891
544,1679
545,1679
547,17558
548,4807
549,1859
550,15621
552,1861
553,9931
554,14441
555,21375
556,6373
557,1868
558,23672
559,1227
560,21383
562,15055
564,18465
566,5358
567,1888
568,11912
569,6407
570,1892
571,1895
572,16469
573,11924
574,18461
575,11910
576,6471
577,7886
578,1907
579,1908
580,22794
581,11901
582,21132
583,3862
584,13837
585,2961
586,1925
587,15454
588,15452
589,1932
591,5752
592,717
594,717
595,4661
596,24619
597,12179
598,8249
599,8861
600,8544
601,12522
602,13579
603,13570
604,5843
605,7235
606,24408
607,12794
608,12636
609,5968
610,6251
613,12149
614,12661
615,4617
616,12826
617,12245
618,12466
619,1877
623,11887
624,4598
625,5098
626,12569
627,11349
628,18103
629,5286
630,12751
631,12429
632,14273
633,21559
634,5407
636,1940
637,12574
638,4602
639,12749
640,12962
641,5132
642,13520
643,4605
644,11224
645,13085
646,11826
647,12314
648,3478
649,12512
650,12474
651,1322
652,8369
653,12090
654,12664
655,5312
656,2359
657,13396
658,17466
659,
660,12595
661,5634
662,12374
663,5751
664,12454
665,
667,12186
668,12498
669,3378
670,12079
671,2853
672,15561
673,12471
674,3426
675,2272
676,1556
677,12766
678,12901
679,13485
680,13422
681,6932
682,7553
685,1312
686,
687,1185
688,3671
689,
690,11896
691,11877
692,18464
693,14953
694,12672
697,12329
698,11891
699,11347
701,2482
702,12028
703,5951
704,3623
705,13218
707,5403
708,2710
712,3483
713,22795
714,3163
717,3449
718,5314
719,5259
720,14952
722,3481
724,3558
725,3560
727,6258
728,3798
729,3863
730,11905
731,11912
732,24233
733,4936
734,12262
735,12438
736,13145
737,12499
739,18768
740,12805
741,12663
742,13005
743,1089
745,12341
746,15017
747,12961
748,14575
749,12755
750,12493
751,6552
753,10959
754,12801
755,12973
756,12789
757,7394
758,2847
759,10020
760,14950
761,13121
762,12252
763,12763
764,13072
765,12750
766,18101
767,8992
768,13423
769,12388
770,5160
771,13540
772,13562
773,24837
774,16469
775,21798
776,13635
777,3851
778,12278
780,10152
781,12571
782,12446
783,4689
784,18098
785,12588
786,13304
787,12643
788,12578
789,1786
790,10746
791,12437
792,4556
793,24550
794,5994
795,12455
796,12483
797,4261
798,12839
799,13536
800,13134
801,3634
802,13563
803,3642
804,3829
805,3834
806,2211
807,3844
808,3860
809,12629
810,5790
811,12838
813,12312
814,12401
815,7431
817,2843
819,17720
821,13504
822,
824,11066
825,23955
826,13475
828,
829,3839
830,5267
831,4421
832,12277
833,12558
834,4624
835,12835
836,11730
837,8461
838,12896
839,17769
840,3831
841,392
842,5797
843,4965
845,24337
847,3875
848,15452
849,3886
850,3887
851,5995
852,11403
853,16461
854,8643
855,2415
856,13841
857,12931
858,4496
859,4241
860,5282
862,2484
863,4298
865,4421
866,13073
867,18466
868,14241
869,14952
870,21498
872,4375
873,7395
875,977
876,13363
880,17403
881,12181
882,11727
883,12410
884,7305
887,13819
888,5252
889,12482
890,4698
891,4698
892,4701
893,4799
894,4805
895,4806
897,14953
898,4887
899,12320
900,4948
901,11876
902,12389
904,15469
905,12100
906,12630
908,13056
909,13019
910,142
911,4666
912,14953
913,5663
914,12425
915,5446
916,5013
917,11790
918,18100
919,14303
920,15500
921,7867
922,
923,13318
924,12666
925,1955
926,12086
928,13055
929,7213
930,12000
931,13109
933,12535
934,7735
935,13602
936,7553
937,5841
938,7478
939,5844
940,7823
941,10231
942,11443
943,5957
944,7754
945,10652
946,11110
948,19450
949,14821
950,15255
951,12253
952,6251
953,5872
954,15605
955,12618
956,9853
957,5880
958,11047
959,14622
960,5887
961,5894
962,10505
963,5902
964,5903
965,7276
966,11365
967,14999
968,10672
969,21525
970,8733
971,12757
972,13542
973,7401
974,12972
976,5937
977,23885
978,5944
979,5943
981,11859
982,5948
983,11878
984,6637
985,12856
986,12147
987,18012
988,5960
989,5993
990,5989
991,7930
992,6009
993,22371
994,23341
995,6873
996,6236
997,5982
998,12577
999,10412
1000,7522
1001,5998
1003,8585
1004,8598
1005,24812
1006,6826
1007,6899
1008,8117
1009,14598
1010,11077
1011,8293
1012,18404
1013,7503
1014,8104
1015,6059
1016,8130
1017,8132
1018,9582
1019,6069
1021,6078
1022,12182
1023,8503
1024,6085
1025,13884
1026,22371
1027,7504
1028,7068
1029,10973
1030,12154
1031,12159
1032,9445
1033,10380
1034,6539
1035,11455
1036,7069
1037,6446
1038,12479
1039,12637
1040,6615
1041,11245
1042,8657
1043,4418
1044,2953
1045,24823
1046,3572
1047,8767
1048,8582
1049,10135
1050,6249
1051,6253
1052,6254
1053,11202
1054,8855
1055,13910
1056,24582
1057,6293
1058,2971
1059,1962
1060,6282
1061,6553
1062,12745
1064,13389
1065,17217
1066,12938
1067,12345
1068,12948
1069,11954
1070,12564
1071,7221
1072,12624
1073,12579
1074,24733
1075,23007
1076,3889
1077,12608
1078,13835
1079,7884
1080,12691
1081,7222
1082,11681
1083,12993
1084,13483
1085,4014
1086,6473
1087,10096
1088,1937
1090,1941
1091,1947
1092,18012
1093,1953
1094,11943
1095,5461
1096,20325
1097,1967
1098,1968
1099,11700
1100,2421
1102,11037
1103,2890
1104,2915
1106,12752
1108,7481
1109,14523
1110,15075
1111,17375
1113,21371
1114,24409
1115,21326
1116,6117
1117,7523
1118,8022
1119,8022
1120,
1121,12940
1123,12928
1124,18768
1125,6399
1126,6399
1127,7325
1128,10402
1129,6765
1130,10990
1131,21603
1132,7502
1133,1485
1135,11110
1136,13850
1137,6413
1138,23733
1139,8140
1140,6704
1141,8978
1142,23612
1143,7353
1144,9375
1145,23143
1146,11201
1147,9728
1148,11110
1149,9272
1150,9640
1151,13817
1152,9729
1153,8869
1154,9991
1155,10185
1156,7719
1157,9923
1158,9912
1159,9793
1160,11110
1161,9663
1163,10195
1164,9000
1165,9909
1166,7472
1167,6434
1168,6434
1169,23734
1170,6458
1171,7339
1172,9129
1173,10701
1174,9618
1175,7810
1177,13831
1178,8103
1179,9386
1180,14501
1181,14501
1182,10106
1183,9646
1184,8491
1186,7114
1187,8548
1188,6448
1189,6448
1190,14394
1191,8915
1192,11370
1193,8854
1194,7447
1195,9743
1196,6650
1197,13818
1198,11382
1199,6733
1200,6712
1201,7926
1202,6460
1203,8295
1204,7501
1205,8607
1206,8465
1208,8689
1209,12315
1210,12260
1211,7219
1212,
1213,21490
1214,9928
1215,7220
1216,12408
1217,22371
1218,22583
1219,8290
1220,7946
1221,14607
1223,13309
1224,8491
1225,8356
1226,8341
1227,6478
1228,6479
1229,7469
1230,10352
1231,7489
1232,8128
1233,9506
1234,10702
1235,8794
1236,13827
1237,8941
1238,9762
1239,6375
1240,9615
1241,9606
1242,6379
1243,8013
1244,6363
1245,11176
1246,13819
1247,12229
1248,12786
1249,9202
1250,15169
1251,6781
1252,6343
1253,6342
1254,6659
1255,8365
1256,6340
1257,7660
1258,6339
1259,17270
1260,9356
1261,10461
1262,9249
1263,11461
1264,13971
1265,6327
1266,6328
1268,12769
1269,6319
1270,8734
1271,6315
1272,7114
1273,6309
1274,23606
1275,8279
1276,14483
1277,9960
1278,15605
1279,7931
1280,4223
1282,8273
1283,8492
1284,15106
1285,8612
1286,10142
1287,12707
1288,13110
1289,12303
1290,7419
1291,15227
1292,7750
1294,7482
1295,9638
1296,13948
1298,14600
1299,6898
1300,8732
1301,8202
1302,14481
1303,9353
1304,10875
1305,15717
1306,2977
1307,24490
1308,9625
1309,7327
1310,8654
1313,6918
1315,13895
1316,14950
1317,7601
1318,7598
1319,8703
1320,14039
1321,6826
1323,11882
1324,7328
1325,11805
1326,12514
1327,8265
1328,13967
1329,18057
1330,6836
1332,10792
1333,12085
1334,12146
1335,14592
1336,7064
1337,8596
1338,7583
1339,6858
1340,18041
1341,11566
1342,12190
1343,6557
1344,10973
1345,11368
1346,6872
1347,12478
1348,
1349,7222
1350,12240
1351,12782
1352,12434
1353,12968
1354,13117
1355,21911
1356,12875
1357,9946
1358,18574
1359,1586
1360,13580
1361,11457
1362,8197
1363,12121
1364,8449
1365,8129
1366,7581
1367,10715
1368,14758
1369,13670
1370,10717
1371,10715
1372,10717
1373,14302
1374,6342
1375,6906
1376,7294
1377,6921
1378,13138
1379,14883
1380,7320
1381,12322
1382,9002
1383,23856
1384,7944
1385,9346
1386,6937
1389,6947
1390,9215
1391,6947
1392,14379
1393,9628
1394,9716
1395,11064
1396,7282
1397,7992
1398,7280
1399,8378
1400,15026
1401,6494
1402,6496
1403,11247
1405,7205
1406,7386
1407,6527
1408,8369
1409,11437
1410,7460
1412,6533
1413,8277
1414,7507
1415,7555
1416,23294
1417,9626
1418,7114
1419,6558
1420,6555
1421,6559
1422,11503
1423,9445
1424,10154
1425,13808
1426,3611
1427,8089
1428,13000
1429,8091
1430,9158
1431,8097
1432,7099
1433,10108
1434,8972
1435,7479
1436,8341
1437,8115
1438,8116
1439,8121
1440,7253
1441,15228
1442,15133
1443,9475
1444,8586
1445,15711
1446,15143
1447,15711
1448,8158
1449,8159
1450,8160
1451,9098
1452,8171
1453,13919
1454,8173
1455,9611
1456,8200
1457,8208
1458,19072
1459,13819
1460,11533
1461,7690
1462,10398
1463,10831
1464,9172
1465,10127
1466,23104
1467,8157
1468,8221
1469,8240
1470,14530
1471,14480
1472,8249
1473,15590
1474,13803
1475,8253
1476,8253
1477,11748
1478,8068
1479,23581
1480,10566
1481,12879
1482,8431
1483,6564
1484,6600
1485,24285
1486,8385
1487,6603
1488,11928
1489,6611
1490,9645
1491,6630
1492,18634
1493,6634
1494,8500
1495,6652
1496,13061
1497,12926
1498,9248
1499,9811
1500,13078
1501,11519
1502,9269
1503,9600
1504,8476
1505,15634
1506,8520
1507,13682
1508,7760
1509,14499
1510,7881
1511,11098
1512,14756
1513,8006
1514,15590
1515,8263
1517,11519
1518,8274
1519,22371
1520,8974
1521,11081
1522,9194
1523,8297
1524,8301
1525,8308
1526,8614
1527,10715
1528,24505
1529,10990
1530,8937
1531,8325
1532,8824
1533,8351
1534,11624
1535,8491
1536,8549
1537,16302
1538,363
1539,11519
1540,9172
1541,8550
1542,7295
1543,7295
1544,7296
1545,13729
1546,9742
1547,9392
1548,16528
1549,12023
1550,10793
1551,9551
1552,13819
1553,7315
1554,10743
1555,10729
1556,7323
1557,8157
1559,17362
1560,6515
1561,11944
1562,9222
1563,7357
1564,18057
1565,23219
1566,8416
1567,14425
1568,7411
1569,7425
1570,16937
1571,14452
1572,9924
1573,7442
1574,7443
1575,12974
1576,17906
1577,9633
1578,14479
1579,8748
1580,8370
1581,12048
1582,8372
1583,8379
1584,8382
1585,10440
1586,13524
1587,7234
1588,7570
1589,8418
1590,13818
1591,12067
1592,10990
1593,6667
1594,10201
1595,8428
1596,14273
1597,8460
1598,8460
1599,14010
1600,14259
1601,8459
1602,14601
1603,6660
1604,23732
1605,13640
1606,15590
1607,7933
1608,6690
1609,11349
1610,10717
1611,8717
1612,12492
1613,9822
1614,4222
1615,6913
1616,9731
1617,15515
1618,12823
1619,8280
1620,10614
1621,23536
1622,7932
1623,
1624,13066
1625,12881
1626,13819
1627,561
1628,23082
1629,12559
1630,10140
1631,12876
1632,9928
1633,11992
1634,10201
1635,10203
1636,11171
1637,7156
1638,7932
1639,10233
1640,10244
1641,12318
1642,9607
1643,9613
1644,9702
1645,10704
1646,10668
1647,10671
1648,8663
1649,8653
1650,9551
1651,8506
1652,13601
1653,12045
1654,9649
1655,9326
1656,10792
1657,7038
1658,12704
1659,
1660,
1661,3617
1662,13086
1663,15144
1664,12688
1665,13165
1666,12565
1667,12581
1668,13333
1669,14101
1670,13743
1671,12942
1672,13306
1673,11113
1674,13414
1675,21354
1676,23415
1677,11989
1678,13591
1679,13057
1680,11472
1681,11447
1682,10455
1683,10548
1684,24505
1685,24286
1686,7264
1687,15227
1688,7205
1689,8713
1690,13407
1691,12742
1692,13174
1693,13555
1694,11472
1695,11695
1696,11718
1697,24771
1698,11906
1699,11443
1700,11271
1701,7869
1702,23854
1703,13445
1704,12430
1705,13093
1706,12660
1707,21039
1708,11347
1709,12925
1710,13609
1711,12659
1712,12851
1713,11110
1714,24690
1715,16545
1716,11118
1717,12238
1718,11079
1719,8841
1720,9648
1721,4859
1722,19967
1723,11125
1724,11125
1725,8708
1726,11139
1728,7778
1729,12033
1730,13893
1731,12878
1732,11172
1733,8069
1734,11182
1736,10866
1737,10852
1738,11791
1739,12376
1740,21903
1741,
1742,
1743,
1744,21917
1745,11705
1746,13486
1747,12842
1748,12087
1749,17467
1750,12989
1751,12920
1752,12953
1753,
1754,8672
1755,24808
1756,11236
1757,11352
1758,23658
1759,12359
1760,11945
1761,14303
1762,18466
1763,11985
1764,13131
1765,13787
1766,19494
1767,9778
1768,12767
1770,15712
1771,12764
1772,11434
1773,11443
1774,10975
1775,
1776,
1777,
1778,12239
1779,12986
1780,11375
1781,
1782,12912
1783,
1784,5347
1785,13915
1786,9689
1787,3639
1788,11381
1789,12988
1790,12289
1791,9143
1792,24323
1793,24757
1794,24760
1795,13820
1796,13090
1797,
1798,13418
1799,12519
1800,13337
1801,12640
1802,12420
1803,13206
1804,12606
1805,12046
1806,12562
1807,12227
1808,22991
1809,23006
1810,11934
1811,23777
1812,6900
1813,11519
1814,19509
1815,19497
1816,11592
1817,9505
1818,8641
1819,18635
1820,8021
1821,8793
1822,8655
1823,14245
1824,10669
1825,21946
1826,7978
1827,13039
1828,
1829,10956
1830,12238
1831,10958
1832,7933
1833,3492
1834,10959
1835,7933
1836,5776
1837,14832
1838,11064
1839,7053
1840,10990
1841,10990
1842,4173
1843,5779
1844,6402
1845,7941
1846,13744
1847,4223
1848,13308
1849,7933
1850,11044
1851,11046
1852,11047
1854,8325
1855,11048
1856,12305
1857,11287
1858,11399
1860,12257
1861,12261
1862,12288
1863,12246
1864,12409
1865,12488
1866,12418
1867,13298
1868,12611
1869,13059
1870,12627
1871,12651
1872,12729
1873,12768
1874,12771
1875,13084
1876,12850
1877,12861
1878,12881
1879,12924
1880,12947
1881,12982
1882,12699
1883,12316
1884,12510
1885,13547
1886,12678
1887,13132
1888,12403
1889,2861
1892,1588
1893,2967
1894,21341
1895,2970
1896,16850
1898,13181
1900,3819
1901,16528
1902,5493
1903,1743
1904,23341
1905,19192
1906,13465
1907,13474
1908,17074
1909,22371
1910,8642
1911,13568
1912,14502
1913,3260
1914,13099
1915,9233
1916,11568
1917,18013
1918,24336
1919,18013
1920,6554
1921,7145
1922,13541
1923,13545
1924,23007
1925,13593
1926,13594
1929,2664
1930,1678
1931,14484
1932,2694
1933,14531
1934,8928
1935,3572
1936,12439
1937,12369
1938,12364
1939,13325
1940,2757
1941,16455
1942,7933
1943,7942
1944,11548
1945,13668
1946,7204
1947,9053
1948,24337
1949,7494
1950,7524
1951,17557
1952,13809
1953,14511
1954,8699
1956,8340
1957,15653
1958,772
1959,8570
1960,8582
1961,8717
1962,15590
1963,8658
1965,6958
1966,14759
1967,23661
1968,8610
1969,9233
1970,9139
1971,9138
1972,15649
1973,7280
1974,24554
1975,13046
1976,9070
1977,10792
1978,13229
1979,10836
1980,11570
1981,11562
1982,11573
1983,11579
1984,11579
1985,23916
1986,11539
1987,11548
1989,8507
1990,17652
1991,9325
1992,13683
1993,10715
1994,15471
1995,14337
1996,8852
1997,10396
1998,6448
1999,10503
2000,18012
2001,7494
2002,7494
2003,7521
2004,1664
2005,14611
2006,13896
2007,9036
2008,9226
2009,13818
2010,9054
2011,10443
2012,10444
2013,7265
2014,9689
2015,9696
2016,14273
2017,11972
2018,13730
2019,15451
2020,13517
2021,13632
2022,13628
2023,5840
2024,18631
2025,5840
2026,2502
2027,2999
2028,3255
2030,2346
2031,831
2032,18768
2033,2712
2034,9032
2035,6672
2036,15650
2037,8855
2038,9033
2039,9036
2040,16754
2041,7265
2042,7053
2043,2419
2044,11760
2045,18012
2046,4345
2047,3996
2048,1906
2049,5117
2050,5750
2051,4284
2052,8854
2053,14954
2054,11731
2055,14953
2056,4769
2057,3995
2058,3662
2059,4813
2060,11652
2061,13894
2062,8854
2063,2647
2064,23975
2065,5341
2066,5145
2067,5138
2068,24671
2069,14701
2070,18013
2071,18017
2072,18017
2073,10596
2074,15018
2076,18981
2077,10503
2078,10503
2079,18012
2080,8050
2081,7523
2082,24306
2083,15405
2084,15409
2085,15406
2086,8176
2087,10717
2088,8734
2089,8660
2090,19147
2091,7149
2092,7952
2093,13675
2094,19631
2095,8046
2096,17300
2097,14016
2098,19631
2099,18012
2100,18464
2101,18689
2102,11746
2103,12043
2104,11733
2105,13824
2106,
2108,7919
2109,7930
2110,7933
2111,7933
2112,7961
2113,23456
2114,14319
2115,18635
2117,8795
2118,14246
2119,15574
2120,12828
2121,3346
2122,12756
2123,12467
2124,3995
2125,13079
2126,13846
2127,12833
2128,13451
2129,13194
2130,18011
2131,18012
2132,11963
2133,20326
2134,11649
2135,11064
2136,10990
2139,15133
2140,13043
2141,12286
2142,1284
2143,5006
2144,12105
2145,11762
2146,13637
2147,16453
2149,13681
2150,13683
2151,13587
2152,13695
2153,13681
2154,13680
2155,10732
2156,10729
2157,10744
2158,10824
2159,19631
2160,10824
2161,10825
2162,10836
2163,10826
2164,10836
2165,24036
2166,10839
2168,2698
2169,661
2170,2636
2171,2894
2172,10727
2173,7814
2174,16455
2175,10729
2176,10729
2177,10729
2178,10838
2179,10836
2180,14894
2181,10836
2182,10836
2183,10836
2184,18572
2185,8012
2186,15255
2187,10828
2188,10826
2189,3570
2190,3996
2191,717
2193,717
2194,717
2195,717
2196,717
2197,717
2198,717
2199,21914
2200,717
2201,5483
2202,18661
2203,21035
2204,9356
2205,8521
2206,4839
2207,4839
2208,10610
2209,14950
2210,18040
2211,23959
2213,
2214,
2215,13140
2216,14531
2217,14816
2218,5363
2219,
2220,8263
2221,374
2222,19481
2223,9036
2224,13892
2225,14950
2227,21901
2228,14243
2229,
2230,14288
2231,14346
2232,15525
2233,17037
2234,14378
2235,
2236,14516
2237,14516
2238,14095
2239,2365
2240,14607
2241,14679
2242,14677
2243,14682
2244,14688
2245,14688
2246,1178
2249,23657
2250,18631
2251,6871
2253,18481
2255,6944
2257,14838
2260,21039
2262,14348
2265,14888
2266,14889
2267,14917
2268,10895
2269,24553
2270,14952
2271,14952
2272,14962
2273,14962
2274,15266
2275,14962
2276,18660
2277,14962
2278,14962
2279,14963
2280,21355
2281,17906
2282,
2283,15256
2284,3402
2285,7722
2287,2193
2289,12669
2290,5760
2291,5763
2293,15121
2294,18342
2295,24005
2296,12638
2297,15223
2298,
2299,
2301,21268
2302,5342
2303,18984
2304,18012
2305,15333
2306,18022
2307,15314
2308,6659
2309,
2310,24021
2311,
2312,
2313,
2314,
2315,15638
2316,5879
2317,15408
2319,15471
2320,15421
2321,23747
2324,6659
2325,15544
2326,15542
2327,14276
2328,
2329,15564
2330,2893
2331,
2332,18392
2333,19639
2334,6083
2335,11832
2336,23887
2337,23839
2338,16677
2339,15630
2340,11065
2341,15712
2342,15712
2343,19633
2344,24339
2345,19646
2346,19633
2347,3196
2348,3773
2349,2126
2350,2127
2351,3774
2352,971
2353,23687
2354,16713
2355,16455
2356,15875
2357,15875
2358,16301
2359,16314
2360,497
2361,23339
2362,16314
2363,22988
2365,
2367,20524
2368,20888
2369,6723
2370,16453
2371,
2372,22611
2373,17233
2375,
2376,13261
2377,24328
2378,12473
2380,24036
2381,17481
2382,23336
2383,17483
2384,16679
2385,22858
2386,16674
2387,16710
2388,17273
2389,16541
2390,16541
2391,16541
2392,16542
2393,16542
2394,16542
2395,16681
2396,16680
2397,16680
2398,16680
2399,16680
2400,16680
2401,16680
2402,16687
2403,16687
2404,16534
2405,17289
2406,16679
2407,16681
2408,16530
2409,16530
2410,16530
2411,17483
2412,16558
2413,16530
2414,16530
2415,16530
2416,23328
2417,16528
2418,16528
2420,16528
2422,16528
2423,16528
2425,17302
2426,3402
2427,13260
2428,3402
2433,8564
2434,1210
2435,14502
2436,
2443,16760
2444,16748
2445,
2447,16757
2448,24648
2449,16849
2557,
2558,16880
2559,11598
2560,9651
2561,14349
2562,23748
2563,12306
2564,17023
2565,16877
2566,3022
2567,13048
2568,24004
2569,4402
2570,12485
2571,4406
2573,18760
2574,2846
2575,13484
2576,
2577,17058
2578,17058
2579,23339
2580,21476
2581,24565
2582,17375
2583,18678
2584,18586
2585,17302
2586,23020
2587,17302
2589,23023
2591,17268
2594,19465
2595,17259
2596,17259
2597,17259
2599,17289
2600,17286
2602,17289
2604,17273
2605,17303
2606,17297
2608,17297
2609,
2610,17305
2612,19461
2614,18666
2617,17262
2618,17271
2619,17287
2620,17272
2621,17281
2622,17281
2623,17281
2624,17281
2625,17281
2626,17291
2627,17291
2628,17291
2629,17410
2630,17480
2631,23930
2632,17512
2633,17513
2634,
2635,
2637,4254
2638,17569
2639,17571
2640,17572
2641,17570
2643,
2644,
2645,18679
2646,18012
2647,18012
2648,
2649,
2650,1886
2651,3412
2652,
2653,17795
2654,17906
2655,17920
2656,16863
2657,21569
2658,19570
2659,18012
2660,18012
2661,18012
2662,18012
2663,18012
2664,18012
2665,18012
2666,18012
2667,22980
2668,18037
2669,18043
2670,18042
2671,18041
2672,18053
2674,13834
2675,24547
2676,23301
2677,19571
2678,18022
2679,22821
2680,23329
2681,23550
2682,18458
2683,18480
2684,18481
2685,18484
2686,
2687,24614
2688,
2689,18462
2690,18503
2691,24182
2692,8670
2693,18631
2694,18631
2695,18675
2696,19616
2697,18685
2698,18687
2699,18699
2700,24022
2701,18705
2702,23749
2703,6891
2704,18975
2705,2615
2706,19072
2707,21569
2708,
2709,21568
2710,2607
2711,2629
2712,19274
2713,19274
2714,
2715,
2716,19452
2717,19576
2718,23778
2719,20003
2720,19456
2721,19459
2722,19462
2723,19460
2724,19464
2725,19455
2726,19463
2727,24584
2728,12793
2729,
2730,
2731,21903
2732,19617
2733,19633
2734,19620
2735,23474
2736,
2737,
2738,
2739,
2740,24372
2741,24543
2742,21619
2743,19985
2744,19993
2745,19994
2746,19998
2747,20001
2748,20163
2749,
2751,24330
2752,20502
2753,
2754,18316
2755,
2756,20507
2757,20519
2758,
2759,
2760,
2761,
2762,
2763,
2764,
2765,
2768,
2769,
2770,
2771,
2772,
2773,
2777,
2778,
2779,
2780,
2783,
2784,
2785,
2786,
2787,
2788,
2789,
2790,
2791,23339
2792,20797
2793,23842
2794,20785
2795,20890
2796,21020
2798,21035
2799,24565
2800,
2801,4120
2804,21269
2805,21270
2806,
2807,
2808,
2809,
2810,
2811,24585
2812,
2813,21329
2815,21346
2816,24038
2817,
2819,21357
2820,21455
2821,21478
2822,3569
2823,3569
2824,116
2825,
2826,
2827,
2828,
2829,
2830,
2831,
2832,
2833,
2834,22810
2835,21518
2836,21520
2838,22813
2839,21619
2840,24838
2841,21568
2842,22398
2843,21669
2844,21669
2845,21669
2846,
2847,21669
2848,21669
2849,
2850,4615
2852,12416
2853,
2854,22371
2856,22565
2857,22580
2858,22593
2859,
2860,5329
2861,2666
2862,13272
2863,
2864,
2866,
2867,
2868,
2869,22952
2870,22992
2872,23009
2873,23009
2874,23009
2875,23009
2876,23009
2877,23009
2879,23010
2880,23230
2881,
2882,
2883,
2884,
2885,23414
2886,23443
2887,23443
2888,12715
2891,
2893,23733
2894,23763
2895,23761
2896,23778
2897,23779
2898,23843
2899,23845
2900,23912
2902,24141
2903,
2904,
2905,
2906,
2907,
2908,
2909,
2910,
2911,
2912,
2913,
2916,
2917,
2918,
2919,12759
2920,12064
2923,
2924,
2925,24406
2926,24406
2927,24406
2928,24406
2929,24406
2930,24406
2931,24406
2932,24406
2933,24406
2934,24406
2935,24406
2936,24406
2937,24406
2939,24406
2940,24406
2941,24410
2942,24426
2943,24426
2944,24427
2945,
2946,24446
2947,24469
2948,24485
2949,24486
2951,21669
2952,
2953,
2954,
2955,
2956,
2957,24504
2958,
2959,5643
2960,24585
2961,24571
2962,24625
2963,24623
2964,24646
2965,
2967,24759
2968,24758
2969,
2970,24744
2971,302
2972,24741
2973,24734
2975,24778
2976,24811
2977,13136
2978,24787
2979,
2980,
2981,
2983,
